g,0000,0001,0010,0011,0100,0101,0110,0111,1000,1001,1010,1011,1100,1101,1110,1111,label
0.0,0.0,0.0,0.0,0.0,0.0,0.0,0.0,0.0,0.0,0.0,0.0,0.0,1.0,0.0,0.0,0.0,0.0
0.01,0.0,0.0,0.0,1.4666259645e-5,0.0,0.001675013290883,0.002516661581485,0.0,0.0,0.002516661581485,0.005024843347856,0.0,0.999979638739547,0.0,0.0,0.0,0.0
0.02,0.0,0.0,0.0,5.8993292354e-5,0.0,0.003366768085817,0.005066612830989,0.0,0.0,0.005066612830989,0.010098715473948,0.0,0.999917664713983,0.0,0.0,0.0,0.0
0.03,0.0,0.0,0.0,0.000133465041977,0.0,0.005075325306699,0.007649773071104,0.0,0.0,0.007649773071104,0.015220558046807,0.0,0.99981274237568,0.0,0.0,0.0,0.0
0.04,0.0,0.0,0.0,0.000238552983699,0.0,0.006800729848926,0.010266019576626,0.0,0.0,0.010266019576626,0.020389215791221,0.0,0.999663538761678,0.0,0.0,0.0,0.0
0.05,0.0,0.0,0.0,0.000374714560626,0.0,0.008543009653791,0.012915185782092,0.0,0.0,0.012915185782092,0.025603434614644,0.0,0.999468727206317,0.0,0.0,0.0,0.0
0.06,0.0,0.0,0.0,0.000542391578206,0.0,0.010302174789143,0.015597059552065,0.0,0.0,0.015597059552065,0.030861860015457,0.0,0.999226991263264,0.0,0.0,0.0,0.0
0.07,0.0,0.0,0.0,0.0007420085625,0.0,0.012078216544117,0.018311381528679,0.0,0.0,0.018311381528679,0.036163035802376,0.0,0.998937028827636,0.0,0.0,0.0,0.0
0.08,0.0,0.0,0.0,0.000973971089047,0.0,0.013871106544086,0.021057843571548,0.0,0.0,0.021057843571548,0.041505403154101,0.0,0.998597556446444,0.0,0.0,0.0,0.0
0.09,0.0,0.0,0.0,0.001238664089864,0.0,0.015680795892308,0.023836087305537,0.0,0.0,0.023836087305537,0.046887300047725,0.0,0.998207313802908,0.0,0.0,0.0,0.0
0.1,0.0,0.0,0.0,0.001536450146881,0.0,0.017507214345015,0.026645702792189,0.0,0.0,0.026645702792189,0.05230696108349,0.0,0.997765068357504,0.0,0.0,0.0,0.0
0.11,0.0,0.0,0.0,0.001867667780825,0.0,0.0193502695269,0.029486227340779,0.0,0.0,0.029486227340779,0.057762517732191,0.0,0.997269620125847,0.0,0.0,0.0,0.0
0.12,0.0,0.0,0.0,0.002232629745282,0.0,0.021209846194142,0.032357144474899,0.0,0.0,0.032357144474899,0.063251999029726,0.0,0.996719806570756,0.0,0.0,0.0,0.0
0.13,0.0,0.0,0.0,0.002631621336302,0.0,0.023085805552182,0.035257883070308,0.0,0.0,0.035257883070308,0.068773332741189,0.0,0.996114507583149,0.0,0.0,0.0,0.0
0.14,0.0,0.0,0.0,0.003064898728486,0.0,0.024977984635498,0.038187816679349,0.0,0.0,0.038187816679349,0.074324347014282,0.0,0.995452650523752,0.0,0.0,0.0,0.0
0.15,0.0,0.0,0.0,0.003532687348997,0.0,0.02688619575657,0.041146263056645,0.0,0.0,0.041146263056645,0.079902772538766,0.0,0.994733215295136,0.0,0.0,0.0,0.0
0.16,0.0,0.0,0.0,0.004035180301356,0.0,0.028810226031074,0.044132483899933,0.0,0.0,0.044132483899933,0.085506245225285,0.0,0.993955239411258,0.0,0.0,0.0,0.0
0.17,0.0,0.0,0.0,0.004572536851153,0.0,0.030749836986094,0.047145684818867,0.0,0.0,0.047145684818867,0.091132309412958,0.0,0.993117823029601,0.0,0.0,0.0,0.0
0.18,0.0,0.0,0.0,0.005144880986009,0.0,0.032704764257852,0.050185015543325,0.0,0.0,0.050185015543325,0.096778421610973,0.0,0.992220133909204,0.0,0.0,0.0,0.0
0.19,0.0,0.0,0.0,0.005752300062171,0.0,0.034674717384968,0.053249570381259,0.0,0.0,0.053249570381259,0.10244195477478,0.0,0.99126141225643,0.0,0.0,0.0,0.0
0.2,0.0,0.0,0.0,0.006394843550005,0.0,0.036659379702788,0.056338388934447,0.0,0.0,0.056338388934447,0.108120203112651,0.0,0.990240975419215,0.0,0.0,0.0,0.0
0.21,0.0,0.0,0.0,0.007072521890427,0.0,0.038658408343667,0.059450457078528,0.0,0.0,0.059450457078528,0.113810387413232,0.0,0.989158222389928,0.0,0.0,0.0,0.0
0.22,0.0,0.0,0.0,0.007785305473921,0.0,0.040671434347388,0.062584708211681,0.0,0.0,0.062584708211681,0.119509660879434,0.0,0.988012638076763,0.0,0.0,0.0,0.0
0.23,0.0,0.0,0.0,0.008533123753198,0.0,0.042698062885107,0.065740024773975,0.0,0.0,0.065740024773975,0.125215115448646,0.0,0.986803797303947,0.0,0.0,0.0,0.0
0.24,0.0,0.0,0.0,0.009315864499871,0.0,0.044737873599318,0.068915240037056,0.0,0.0,0.068915240037056,0.130923788573785,0.0,0.98553136850188,0.0,0.0,0.0,0.0
0.25,0.0,0.0,0.0,0.010133373214611,0.0,0.0467904210614,0.072109140161322,0.0,0.0,0.072109140161322,0.136632670434412,0.0,0.984195117049735,0.0,0.0,0.0,0.0
0.26,0.0,0.0,0.0,0.010985452699244,0.0,0.048855235347295,0.075320466515122,0.0,0.0,0.075320466515122,0.142338711541895,0.0,0.982794908234996,0.0,0.0,0.0,0.0
0.27,0.0,0.0,0.0,0.011871862798053,0.0,0.050931822730812,0.078547918247951,0.0,0.0,0.078547918247951,0.148038830697689,0.0,0.981330709796911,0.0,0.0,0.0,0.0
0.28,0.0,0.0,0.0,0.012792320314277,0.0,0.053019666492979,0.08179015510693,0.0,0.0,0.08179015510693,0.15372992325912,0.0,0.979802594023849,0.0,0.0,0.0,0.0
0.29,0.0,0.0,0.0,0.013746499106333,0.0,0.055118227844752,0.085045800483338,0.0,0.0,0.085045800483338,0.159408869662925,0.0,0.978210739378105,0.0,0.0,0.0,0.0
0.3,0.0,0.0,0.0,0.014734030366832,0.0,0.057226946959327,0.088313444673465,0.0,0.0,0.088313444673465,0.165072544153031,0.0,0.976555431625631,0.0,0.0,0.0,0.0
0.31,0.0,0.0,0.0,0.015754503085803,0.0,0.059345244109187,0.091591648335683,0.0,0.0,0.091591648335683,0.170717823655993,0.0,0.974837064452623,0.0,0.0,0.0,0.0
0.32,0.0,0.0,0.0,0.016807464697939,0.0,0.061472520902015,0.094878946123485,0.0,0.0,0.094878946123485,0.176341596744982,0.0,0.973056139555577,0.0,0.0,0.0,0.0
0.33,0.0,0.0,0.0,0.017892421911981,0.0,0.063608161608597,0.098173850472247,0.0,0.0,0.098173850472247,0.18194077263147,0.0,0.971213266196497,0.0,0.0,0.0,0.0
0.34,0.0,0.0,0.0,0.019008841718681,0.0,0.065751534574936,0.101474855515742,0.0,0.0,0.101474855515742,0.187512290122706,0.0,0.969309160220109,0.0,0.0,0.0,0.0
0.35,0.0,0.0,0.0,0.020156152572124,0.0,0.067901993709978,0.104780441107028,0.0,0.0,0.104780441107028,0.193053126482842,0.0,0.967344642535292,0.0,0.0,0.0,0.0
0.36,0.0,0.0,0.0,0.021333745737587,0.0,0.070058880039602,0.108089076917126,0.0,0.0,0.108089076917126,0.198560306136055,0.0,0.965320637068308,0.0,0.0,0.0,0.0
0.37,0.0,0.0,0.0,0.022540976797582,0.0,0.072221523316935,0.111399226584151,0.0,0.0,0.111399226584151,0.204030909151348,0.0,0.963238168200665,0.0,0.0,0.0,0.0
0.38,0.0,0.0,0.0,0.023777167306285,0.0,0.074389243678547,0.114709351885046,0.0,0.0,0.114709351885046,0.209462079450791,0.0,0.961098357709656,0.0,0.0,0.0,1.0
0.39,0.0,0.0,0.0,0.025041606581246,0.0,0.07656135333571,0.118017916901947,0.0,0.0,0.118017916901947,0.214851032685747,0.0,0.958902421234482,0.0,0.0,0.0,1.0
0.4,0.0,0.0,0.0,0.026333553620121,0.0,0.078737158289694,0.121323392155424,0.0,0.0,0.121323392155424,0.220195063729131,0.0,0.956651664295488,0.0,0.0,0.0,1.0
0.41,0.0,0.0,0.0,0.027652239129112,0.0,0.080915960059938,0.124624258677402,0.0,0.0,0.124624258677402,0.225491553735878,0.0,0.954347477898234,0.0,0.0,0.0,1.0
0.42,0.0,0.0,0.0,0.028996867649014,0.0,0.083097057414034,0.127919011997456,0.0,0.0,0.127919011997456,0.230737976728431,0.0,0.951991333757894,0.0,0.0,0.0,1.0
0.43,0.0,0.0,0.0,0.030366619764063,0.0,0.085279748088555,0.131206166017342,0.0,0.0,0.131206166017342,0.235931905669215,0.0,0.949584779182675,0.0,0.0,0.0,1.0
0.44,0.0,0.0,0.0,0.031760654378342,0.0,0.087463330490139,0.13448425675016,0.0,0.0,0.13448425675016,0.241071017987566,0.0,0.947129431657672,0.0,0.0,0.0,1.0
0.45,0.0,0.0,0.0,0.033178111044206,0.0,0.089647105366589,0.137751845902196,0.0,0.0,0.137751845902196,0.246153100534347,0.0,0.944626973172656,0.0,0.0,0.0,1.0
0.46,0.0,0.0,0.0,0.034618112327108,0.0,0.091830377438308,0.141007524277533,0.0,0.0,0.141007524277533,0.251176053943492,0.0,0.942079144338767,0.0,0.0,0.0,1.0
0.47,0.0,0.0,0.0,0.036079766191311,0.0,0.094012456981014,0.144249914987578,0.0,0.0,0.144249914987578,0.256137896385725,0.0,0.939487738340007,0.0,0.0,0.0,1.0
0.48,0.0,0.0,0.0,0.037562168391229,0.0,0.096192661351373,0.147477676449987,0.0,0.0,0.147477676449987,0.261036766705779,0.0,0.936854594765649,0.0,0.0,0.0,1.0
0.49,0.0,0.0,0.0,0.039064404853615,0.0,0.098370316447957,0.150689505163814,0.0,0.0,0.150689505163814,0.26587092694032,0.0,0.934181593369419,0.0,0.0,0.0,1.0
0.5,0.0,0.0,0.0,0.040585554036381,0.0,0.100544758100797,0.153884138250197,0.0,0.0,0.153884138250197,0.270638764219575,0.0,0.931470647800403,0.0,0.0,0.0,1.0
0.51,0.0,0.0,0.0,0.04212468925059,0.0,0.10271533338364,0.157060355750316,0.0,0.0,0.157060355750316,0.275338792061038,0.0,0.928723699349256,0.0,0.0,0.0,1.0
0.52,0.0,0.0,0.0,0.043680880933016,0.0,0.104881401843944,0.160216982674866,0.0,0.0,0.160216982674866,0.279969651068845,0.0,0.925942710751414,0.0,0.0,0.0,1.0
0.53,0.0,0.0,0.0,0.045253198857597,0.0,0.107042336646525,0.163352890801644,0.0,0.0,0.163352890801644,0.284530109057015,0.0,0.923129660086763,0.0,0.0,0.0,1.0
0.54,0.0,0.0,0.0,0.046840714275197,0.0,0.109197525627712,0.166467000220213,0.0,0.0,0.166467000220213,0.289019060619114,0.0,0.920286534812493,0.0,0.0,0.0,1.0
0.55,0.0,0.0,0.0,0.048442501972131,0.0,0.111346372257726,0.169558280624783,0.0,0.0,0.169558280624783,0.293435526170582,0.0,0.91741532596303,0.0,0.0,0.0,1.0
0.56,0.0,0.0,0.0,0.050057642239119,0.0,0.113488296509879,0.172625752358548,0.0,0.0,0.172625752358548,0.297778650493299,0.0,0.914518022547629,0.0,0.0,0.0,1.0
0.57,0.0,0.0,0.0,0.051685222743432,0.0,0.115622735636009,0.175668487214617,0.0,0.0,0.175668487214617,0.302047700814639,0.0,0.911596606172957,0.0,0.0,0.0,1.0
0.58,0.0,0.0,0.0,0.053324340298228,0.0,0.117749144848357,0.178685609000414,0.0,0.0,0.178685609000414,0.306242064455473,0.0,0.908653045914441,0.0,0.0,0.0,1.0
0.59,0.0,0.0,0.0,0.054974102524211,0.0,0.1198669979088,0.181676293874012,0.0,0.0,0.181676293874012,0.310361246083295,0.0,0.905689293456659,0.0,0.0,0.0,1.0
0.6,0.0,0.0,0.0,0.056633629399869,0.0,0.121975787627035,0.184639770462152,0.0,0.0,0.184639770462152,0.314404864607712,0.0,0.90270727851953,0.0,0.0,0.0,1.0
0.61,0.0,0.0,0.0,0.058302054697691,0.0,0.124075026269914,0.187575319770947,0.0,0.0,0.187575319770947,0.318372649756318,0.0,0.899708904583556,0.0,0.0,0.0,1.0
0.62,0.0,0.0,0.0,0.059978527304756,0.0,0.126164245884648,0.190482274901155,0.0,0.0,0.190482274901155,0.32226443836908,0.0,0.896696044923994,0.0,0.0,0.0,1.0
0.63,0.0,0.0,0.0,0.061662212427121,0.0,0.128242998539085,0.193360020580716,0.0,0.0,0.193360020580716,0.326080170449217,0.0,0.893670538960616,0.0,0.0,0.0,1.0
0.64,0.0,0.0,0.0,0.063352292678314,0.0,0.130310856482655,0.196207992527806,0.0,0.0,0.196207992527806,0.329819885007909,0.0,0.890634188926601,0.0,0.0,0.0,1.0
0.65,0.0,0.0,0.0,0.06504796905312,0.0,0.132367412231911,0.199025676658056,0.0,0.0,0.199025676658056,0.333483715739238,0.0,0.887588756857278,0.0,0.0,0.0,1.0
0.66,0.0,0.0,0.0,0.066748461788569,0.0,0.134412278584852,0.201812608149809,0.0,0.0,0.201812608149809,0.337071886560496,0.0,0.884535961896733,0.0,0.0,0.0,1.0
0.67,0.0,0.0,0.0,0.068453011114768,0.0,0.136445088568436,0.204568370381353,0.0,0.0,0.204568370381353,0.34058470705149,0.0,0.881477477917932,0.0,0.0,0.0,1.0
0.68,0.0,0.0,0.0,0.070160877898768,0.0,0.138465495323804,0.207292593753994,0.0,0.0,0.207292593753994,0.344022567824741,0.0,0.878414931449803,0.0,0.0,0.0,1.0
0.69,0.0,0.0,0.0,0.071871344185226,0.0,0.140473171933864,0.209984954414621,0.0,0.0,0.209984954414621,0.347385935856578,0.0,0.87534989990282,0.0,0.0,0.0,1.0
0.7,0.0,0.0,0.0,0.073583713638013,0.0,0.142467811197869,0.212645172891083,0.0,0.0,0.212645172891083,0.350675349807047,0.0,0.872283910082993,0.0,0.0,0.0,1.0
0.71,0.0,0.0,0.0,0.075297311887318,0.0,0.144449125357669,0.215273012653314,0.0,0.0,0.215273012653314,0.353891415354526,0.0,0.869218436982702,0.0,0.0,0.0,1.0
0.72,0.0,0.0,0.0,0.07701148678707,0.0,0.146416845780219,0.21786827861258,0.0,0.0,0.21786827861258,0.357034800568631,0.0,0.866154902835697,0.0,0.0,0.0,1.0
0.73,0.0,0.0,0.0,0.078725608587696,0.0,0.14837072260087,0.220430815570707,0.0,0.0,0.220430815570707,0.360106231342874,0.0,0.863094676422634,0.0,0.0,0.0,1.0
0.74,0.0,0.0,0.0,0.080439070029427,0.0,0.150310524331828,0.222960506630467,0.0,0.0,0.222960506630467,0.363106486906283,0.0,0.860039072612774,0.0,0.0,0.0,1.0
0.75,0.0,0.0,0.0,0.082151286361413,0.0,0.152236037440034,0.225457271577676,0.0,0.0,0.225457271577676,0.366036395431038,0.0,0.856989352127011,0.0,0.0,0.0,1.0
0.76,0.0,0.0,0.0,0.083861695291961,0.0,0.154147065898539,0.227921065244811,0.0,0.0,0.227921065244811,0.368896829751035,0.0,0.853946721507031,0.0,0.0,0.0,1.0
0.77,0.0,0.0,0.0,0.08556975687521,0.0,0.156043430715282,0.230351875865264,0.0,0.0,0.230351875865264,0.371688703204249,0.0,0.850912333275276,0.0,0.0,0.0,1.0
0.78,0.0,0.0,0.0,0.087274953339464,0.0,0.157924969442936,0.232749723426606,0.0,0.0,0.232749723426606,0.374412965609788,0.0,0.847887286270411,0.0,0.0,0.0,1.0
0.79,0.0,0.0,0.0,0.088976788862351,0.0,0.159791535673333,0.235114658030517,0.0,0.0,0.235114658030517,0.377070599388695,0.0,0.8448726261431,0.0,0.0,0.0,1.0
0.8,0.0,0.0,0.0,0.090674789297801,0.0,0.161642998519706,0.237446758266291,0.0,0.0,0.237446758266291,0.379662615835723,0.0,0.841869345997224,0.0,0.0,0.0,1.0
0.81,0.0,0.0,0.0,0.092368501859747,0.0,0.163479242089819,0.239746129604186,0.0,0.0,0.239746129604186,0.382190051547826,0.0,0.838878387161941,0.0,0.0,0.0,1.0
0.82,0.0,0.0,0.0,0.094057494767169,0.0,0.165300164952773,0.242012902814089,0.0,0.0,0.242012902814089,0.384653965013326,0.0,0.835900640080646,0.0,0.0,0.0,1.0
0.83,0.0,0.0,0.0,0.095741356855029,0.0,0.167105679602108,0.244247232414435,0.0,0.0,0.244247232414435,0.387055433364633,0.0,0.832936945303166,0.0,0.0,0.0,1.0
0.84,0.0,0.0,0.0,0.09741969715532,0.0,0.168895711917588,0.246449295155614,0.0,0.0,0.246449295155614,0.389395549295872,0.0,0.829988094568341,0.0,0.0,0.0,1.0
0.85,0.0,0.0,0.0,0.099092144452303,0.0,0.170670200627812,0.248619288541494,0.0,0.0,0.248619288541494,0.391675418145731,0.0,0.827054831964674,0.0,0.0,0.0,1.0
0.86,0.0,0.0,0.0,0.100758346815754,0.0,0.172429096775644,0.250757429392212,0.0,0.0,0.250757429392212,0.393896155144861,0.0,0.824137855157381,0.0,0.0,0.0,1.0
0.87,0.0,0.0,0.0,0.102417971115774,0.0,0.174172363188211,0.252863952450726,0.0,0.0,0.252863952450726,0.396058882826072,0.0,0.821237816670981,0.0,0.0,0.0,1.0
0.88,0.0,0.0,0.0,0.104070702522546,0.0,0.17589997395304,0.254939109035266,0.0,0.0,0.254939109035266,0.398164728594976,0.0,0.818355325217159,0.0,0.0,0.0,1.0
0.89,0.0,0.0,0.0,0.105716243994138,0.0,0.177611913901748,0.256983165739274,0.0,0.0,0.256983165739274,0.400214822457884,0.0,0.815490947058382,0.0,0.0,0.0,1.0
0.9,0.0,0.0,0.0,0.107354315755219,0.0,0.179308178102494,0.258996403180061,0.0,0.0,0.258996403180061,0.402210294903214,0.0,0.812645207398496,0.0,0.0,0.0,1.0
0.91,0.0,0.0,0.0,0.108984654769378,0.0,0.180988771362268,0.260979114796998,0.0,0.0,0.260979114796998,0.404152274932185,0.0,0.809818591792178,0.0,0.0,0.0,1.0
0.92,0.0,0.0,0.0,0.110607014207443,0.0,0.182653707739927,0.262931605699744,0.0,0.0,0.262931605699744,0.406041888234103,0.0,0.80701154756581,0.0,0.0,0.0,1.0
0.93,0.0,0.0,0.0,0.112221162914053,0.0,0.184303010070754,0.264854191566671,0.0,0.0,0.264854191566671,0.40788025550125,0.0,0.804224485243047,0.0,0.0,0.0,1.0
0.94,0.0,0.0,0.0,0.113826884874474,0.0,0.185936709503198,0.266747197593399,0.0,0.0,0.266747197593399,0.40966849087811,0.0,0.801457779968905,0.0,0.0,0.0,1.0
0.95,0.0,0.0,0.0,0.115423978683508,0.0,0.18755484504831,0.268610957491101,0.0,0.0,0.268610957491101,0.411407700539459,0.0,0.798711772926903,0.0,0.0,0.0,1.0
0.96,0.0,0.0,0.0,0.1170122570181,0.0,0.189157463142299,0.270445812534003,0.0,0.0,0.270445812534003,0.413098981391709,0.0,0.795986772744296,0.0,0.0,0.0,1.0
0.97,0.0,0.0,0.0,0.118591546115135,0.0,0.190744617222531,0.272252110655338,0.0,0.0,0.272252110655338,0.414743419891828,0.0,0.79328305688103,0.0,0.0,0.0,1.0
0.98,0.0,0.0,0.0,0.12016168525569,0.0,0.192316367317195,0.274030205590845,0.0,0.0,0.274030205590845,0.416342090978095,0.0,0.790600872998567,0.0,0.0,0.0,1.0
0.99,0.0,0.0,0.0,0.121722526256907,0.0,0.193872779648789,0.275780456068758,0.0,0.0,0.275780456068758,0.417896057106988,0.0,0.787940440305191,0.0,0.0,0.0,1.0
1.0,0.0,0.0,0.0,0.123273932972452,0.0,0.195413926251488,0.277503225045113,0.0,0.0,0.277503225045113,0.419406367390496,0.0,0.785301950874892,0.0,0.0,0.0,1.0
1.01,0.0,0.0,0.0,0.124815780802449,0.0,0.196939884602414,0.279198878983123,0.0,0.0,0.279198878983123,0.420874056828288,0.0,0.782685570937331,0.0,0.0,0.0,1.0
1.02,0.0,0.0,0.0,0.126347956213597,0.0,0.198450737266749,0.280867787175258,0.0,0.0,0.280867787175258,0.422300145629195,0.0,0.780091442136779,0.0,0.0,0.0,1.0
1.03,0.0,0.0,0.0,0.127870356270109,0.0,0.199946571556589,0.282510321106642,0.0,0.0,0.282510321106642,0.423685638616658,0.0,0.777519682758295,0.0,0.0,0.0,1.0
1.04,0.0,0.0,0.0,0.129382888175966,0.0,0.201427479203391,0.284126853858317,0.0,0.0,0.284126853858317,0.425031524712888,0.0,0.774970388919732,0.0,0.0,0.0,1.0
1.05,0.0,0.0,0.0,0.130885468828915,0.0,0.202893556043817,0.285717759548875,0.0,0.0,0.285717759548875,0.426338776496668,0.0,0.772443635728456,0.0,0.0,0.0,1.0
1.06,0.0,0.0,0.0,0.132378024386533,0.0,0.204344901718774,0.287283412812978,0.0,0.0,0.287283412812978,0.427608349829891,0.0,0.769939478401956,0.0,0.0,0.0,1.0
1.07,0.0,0.0,0.0,0.133860489844593,0.0,0.205781619385359,0.288824188315233,0.0,0.0,0.288824188315233,0.428841183548107,0.0,0.76745795335175,0.0,0.0,0.0,1.0
1.08,0.0,0.0,0.0,0.135332808627925,0.0,0.207203815441476,0.290340460297923,0.0,0.0,0.290340460297923,0.430038199210553,0.0,0.764999079230228,0.0,0.0,0.0,1.0
1.09,0.0,0.0,0.0,0.136794932193844,0.0,0.208611599262788,0.291832602161077,0.0,0.0,0.291832602161077,0.431200300905304,0.0,0.762562857940293,0.0,0.0,0.0,1.0
1.1,0.0,0.0,0.0,0.138246819648238,0.0,0.210005082951718,0.293300986073413,0.0,0.0,0.293300986073413,0.432328375105436,0.0,0.760149275607765,0.0,0.0,0.0,1.0
1.11,0.0,0.0,0.0,0.139688437374257,0.0,0.211384381098154,0.294745982612652,0.0,0.0,0.294745982612652,0.433423290572204,0.0,0.757758303516798,0.0,0.0,0.0,1.0
1.12,0.0,0.0,0.0,0.141119758673594,0.0,0.212749610551519,0.296167960433794,0.0,0.0,0.296167960433794,0.43448589830152,0.0,0.75538989900857,0.0,0.0,0.0,1.0
1.13,0.0,0.0,0.0,0.142540763420241,0.0,0.214100890203872,0.297567285963929,0.0,0.0,0.297567285963929,0.435517031510153,0.0,0.753044006343714,0.0,0.0,0.0,1.0
1.14,0.0,0.0,0.0,0.143951437726589,0.0,0.215438340783679,0.298944323122224,0.0,0.0,0.298944323122224,0.436517505658303,0.0,0.75072055752901,0.0,0.0,0.0,1.0
1.15,0.0,0.0,0.0,0.145351773621722,0.0,0.216762084659897,0.300299433063729,0.0,0.0,0.300299433063729,0.437488118505347,0.0,0.748419473109013,0.0,0.0,0.0,1.0
1.16,0.0,0.0,0.0,0.146741768741689,0.0,0.218072245656014,0.301632973945728,0.0,0.0,0.301632973945728,0.438429650195774,0.0,0.746140662923303,0.0,0.0,0.0,1.0
1.17,0.0,0.0,0.0,0.148121426031577,0.0,0.219368948873709,0.302945300715373,0.0,0.0,0.302945300715373,0.439342863372511,0.0,0.743884026830126,0.0,0.0,0.0,1.0
1.18,0.0,0.0,0.0,0.14949075345911,0.0,0.220652320525746,0.304236764917399,0.0,0.0,0.304236764917399,0.440228503314964,0.0,0.741649455397284,0.0,0.0,0.0,1.0
1.19,0.0,0.0,0.0,0.150849763739548,0.0,0.221922487777784,0.305507714520735,0.0,0.0,0.305507714520735,0.441087298099309,0.0,0.739436830561156,0.0,0.0,0.0,1.0
1.2,0.0,0.0,0.0,0.152198474071619,0.0,0.223179578598733,0.30675849376293,0.0,0.0,0.30675849376293,0.44191995877874,0.0,0.737246026254707,0.0,0.0,0.0,1.0
1.21,0.0,0.0,0.0,0.153536905884194,0.0,0.224423721619335,0.307989443011285,0.0,0.0,0.307989443011285,0.442727179581475,0.0,0.735076909005489,0.0,0.0,0.0,1.0
1.22,0.0,0.0,0.0,0.154865084593434,0.0,0.225655045998622,0.309200898639684,0.0,0.0,0.309200898639684,0.443509638124516,0.0,0.732929338504548,0.0,0.0,0.0,1.0
1.23,0.0,0.0,0.0,0.156183039370107,0.0,0.226873681297935,0.310393192920128,0.0,0.0,0.310393192920128,0.444267995641304,0.0,0.730803168147206,0.0,0.0,0.0,1.0
1.24,0.0,0.0,0.0,0.157490802916786,0.0,0.228079757362176,0.311566653928059,0.0,0.0,0.311566653928059,0.445002897221505,0.0,0.728698245546708,0.0,0.0,0.0,1.0
1.25,0.0,0.0,0.0,0.158788411254623,0.0,0.229273404207993,0.312721605460537,0.0,0.0,0.312721605460537,0.445714972061315,0.0,0.726614413021694,0.0,0.0,0.0,1.0
1.26,0.0,0.0,0.0,0.160075903519398,0.0,0.23045475191858,0.313858366966462,0.0,0.0,0.313858366966462,0.446404833722794,0.0,0.724551508058474,0.0,0.0,0.0,1.0
1.27,0.0,0.0,0.0,0.161353321766555,0.0,0.231623930544823,0.314977253488022,0.0,0.0,0.314977253488022,0.447073080400863,0.0,0.722509363749034,0.0,0.0,0.0,1.0
1.28,0.0,0.0,0.0,0.162620710784899,0.0,0.23278107001247,0.316078575612553,0.0,0.0,0.316078575612553,0.447720295196631,0.0,0.720487809205808,0.0,0.0,0.0,1.0
1.29,0.0,0.0,0.0,0.163878117918684,0.0,0.233926300035089,0.317162639434164,0.0,0.0,0.317162639434164,0.448347046395959,0.0,0.718486669954045,0.0,0.0,0.0,1.0
1.3,0.0,0.0,0.0,0.165125592897782,0.0,0.235059750032516,0.318229746524361,0.0,0.0,0.318229746524361,0.448953887752114,0.0,0.716505768302776,0.0,0.0,0.0,1.0
1.31,0.0,0.0,0.0,0.16636318767565,0.0,0.236181549054558,0.319280193911056,0.0,0.0,0.319280193911056,0.449541358771568,0.0,0.71454492369524,0.0,0.0,0.0,1.0
1.32,0.0,0.0,0.0,0.1675909562748,0.0,0.23729182570968,0.32031427406534,0.0,0.0,0.32031427406534,0.450109985002011,0.0,0.712603953039655,0.0,0.0,0.0,1.0
1.33,0.0,0.0,0.0,0.168808954639507,0.0,0.238390708098458,0.32133227489542,0.0,0.0,0.32133227489542,0.450660278321772,0.0,0.710682671021212,0.0,0.0,0.0,1.0
1.34,0.0,0.0,0.0,0.170017240495464,0.0,0.239478323751551,0.322334479747186,0.0,0.0,0.322334479747186,0.451192737229867,0.0,0.708780890396106,0.0,0.0,0.0,1.0
1.35,0.0,0.0,0.0,0.171215873216127,0.0,0.240554799571982,0.32332116741088,0.0,0.0,0.32332116741088,0.451707847136028,0.0,0.706898422268425,0.0,0.0,0.0,1.0
1.36,0.0,0.0,0.0,0.172404913695484,0.0,0.2416202617815,0.324292612133387,0.0,0.0,0.324292612133387,0.452206080650059,0.0,0.705035076350684,0.0,0.0,0.0,1.0
1.37,0.0,0.0,0.0,0.173584424226988,0.0,0.242674835870838,0.325249083635668,0.0,0.0,0.325249083635668,0.452687897869975,0.0,0.70319066120877,0.0,0.0,0.0,1.0
1.38,0.0,0.0,0.0,0.174754468388421,0.0,0.243718646553651,0.326190847134934,0.0,0.0,0.326190847134934,0.453153746668421,0.0,0.701364984492025,0.0,0.0,0.0,1.0
1.39,0.0,0.0,0.0,0.175915110932422,0.0,0.244751817723956,0.327118163371126,0.0,0.0,0.327118163371126,0.453604062976909,0.0,0.699557853149185,0.0,0.0,0.0,1.0
1.4,0.0,0.0,0.0,0.177066417682472,0.0,0.245774472416899,0.328031288637336,0.0,0.0,0.328031288637336,0.454039271067474,0.0,0.697769073630858,0.0,0.0,0.0,1.0
1.41,0.0,0.0,0.0,0.17820845543409,0.0,0.246786732772656,0.328930474813807,0.0,0.0,0.328930474813807,0.454459783831386,0.0,0.695998452079206,0.0,0.0,0.0,1.0
1.42,0.0,0.0,0.0,0.179341291861029,0.0,0.247788720003329,0.329815969405175,0.0,0.0,0.329815969405175,0.454866003054602,0.0,0.694245794505454,0.0,0.0,0.0,1.0
1.43,0.0,0.0,0.0,0.180464995426257,0.0,0.248780554362651,0.330688015580648,0.0,0.0,0.330688015580648,0.455258319689669,0.0,0.692510906955854,0.0,0.0,0.0,1.0
1.44,0.0,0.0,0.0,0.181579635297517,0.0,0.249762355118384,0.33154685221682,0.0,0.0,0.33154685221682,0.455637114123841,0.0,0.69079359566666,0.0,0.0,0.0,1.0
1.45,0.0,0.0,0.0,0.182685281267267,0.0,0.250734240527219,0.332392713942852,0.0,0.0,0.332392713942852,0.456002756443184,0.0,0.689093667208724,0.0,0.0,0.0,1.0
1.46,0.0,0.0,0.0,0.183782003676814,0.0,0.251696327812091,0.333225831187757,0.0,0.0,0.333225831187757,0.456355606692495,0.0,0.687410928622193,0.0,0.0,0.0,1.0
1.47,0.0,0.0,0.0,0.18486987334445,0.0,0.252648733141736,0.334046430229568,0.0,0.0,0.334046430229568,0.456696015130879,0.0,0.685745187541862,0.0,0.0,0.0,1.0
1.48,0.0,0.0,0.0,0.185948961497417,0.0,0.253591571612389,0.334854733246141,0.0,0.0,0.334854733246141,0.457024322482832,0.0,0.684096252313672,0.0,0.0,0.0,1.0
1.49,0.0,0.0,0.0,0.187019339707527,0.0,0.254524957231496,0.335650958367412,0.0,0.0,0.335650958367412,0.457340860184748,0.0,0.682463932102801,0.0,0.0,0.0,1.0
1.5,0.0,0.0,0.0,0.18808107983028,0.0,0.255449002903322,0.336435319728898,0.0,0.0,0.336435319728898,0.457645950626747,0.0,0.680848036993825,0.0,0.0,0.0,1.0
1.51,0.0,0.0,0.0,0.189134253947308,0.0,0.256363820416354,0.337208027526273,0.0,0.0,0.337208027526273,0.457939907389753,0.0,0.679248378083358,0.0,0.0,0.0,1.0
1.52,0.0,0.0,0.0,0.190178934312013,0.0,0.257269520432394,0.33796928807085,0.0,0.0,0.33796928807085,0.458223035477776,0.0,0.677664767565594,0.0,0.0,0.0,1.0
1.53,0.0,0.0,0.0,0.191215193298227,0.0,0.258166212477234,0.33871930384581,0.0,0.0,0.33871930384581,0.458495631545365,0.0,0.676097018811145,0.0,0.0,0.0,1.0
1.54,0.0,0.0,0.0,0.19224310335178,0.0,0.259054004932836,0.339458273563048,0.0,0.0,0.339458273563048,0.4587579841202,0.0,0.67454494643952,0.0,0.0,0.0,1.0
1.55,0.0,0.0,0.0,0.193262736944826,0.0,0.259933005030914,0.340186392220497,0.0,0.0,0.340186392220497,0.45901037382083,0.0,0.673008366385634,0.0,0.0,0.0,1.0
1.56,0.0,0.0,0.0,0.194274166532802,0.0,0.260803318847841,0.340903851159798,0.0,0.0,0.340903851159798,0.459253073569545,0.0,0.671487095960674,0.0,0.0,0.0,1.0
1.57,0.0,0.0,0.0,0.195277464513895,0.0,0.261665051300797,0.341610838124232,0.0,0.0,0.341610838124232,0.459486348800409,0.0,0.66998095390762,0.0,0.0,0.0,1.0
1.58,0.0,0.0,0.0,0.196272703190908,0.0,0.262518306145084,0.342307537316775,0.0,0.0,0.342307537316775,0.459710457662473,0.0,0.668489760451766,0.0,0.0,0.0,1.0
1.59,0.0,0.0,0.0,0.197259954735392,0.0,0.263363185972534,0.342994129458214,0.0,0.0,0.342994129458214,0.459925651218195,0.0,0.667013337346497,0.0,0.0,0.0,1.0
1.6,0.0,0.0,0.0,0.19823929115396,0.0,0.26419979221094,0.34367079184521,0.0,0.0,0.34367079184521,0.460132173637122,0.0,0.665551507914618,0.0,0.0,0.0,1.0
1.61,0.0,0.0,0.0,0.199210784256657,0.0,0.265028225124445,0.344337698408244,0.0,0.0,0.344337698408244,0.460330262384864,0.0,0.664104097085496,0.0,0.0,0.0,1.0
1.62,0.0,0.0,0.0,0.200174505627304,0.0,0.265848583814837,0.344995019769376,0.0,0.0,0.344995019769376,0.460520148407424,0.0,0.662670931428239,0.0,0.0,0.0,1.0
1.63,0.0,0.0,0.0,0.201130526595702,0.0,0.266660966223665,0.345642923299716,0.0,0.0,0.345642923299716,0.460702056310934,0.0,0.661251839181206,0.0,0.0,0.0,1.0
1.64,0.0,0.0,0.0,0.202078918211635,0.0,0.267465469135158,0.346281573176613,0.0,0.0,0.346281573176613,0.460876204536883,0.0,0.659846650277974,0.0,0.0,0.0,1.0
1.65,0.0,0.0,0.0,0.203019751220545,0.0,0.268262188179852,0.346911130440422,0.0,0.0,0.346911130440422,0.461042805532856,0.0,0.658455196370107,0.0,0.0,0.0,1.0
1.66,0.0,0.0,0.0,0.20395309604083,0.0,0.269051217838915,0.347531753050872,0.0,0.0,0.347531753050872,0.461202065918911,0.0,0.657077310846798,0.0,0.0,0.0,1.0
1.67,0.0,0.0,0.0,0.204879022742673,0.0,0.269832651449089,0.34814359594295,0.0,0.0,0.34814359594295,0.461354186649626,0.0,0.655712828851661,0.0,0.0,0.0,1.0
1.68,0.0,0.0,0.0,0.205797601028319,0.0,0.27060658120823,0.348746811082262,0.0,0.0,0.348746811082262,0.461499363171914,0.0,0.654361587296814,0.0,0.0,0.0,1.0
1.69,0.0,0.0,0.0,0.206708900213741,0.0,0.271373098181383,0.349341547519854,0.0,0.0,0.349341547519854,0.461637785578669,0.0,0.653023424874447,0.0,0.0,0.0,1.0
1.7,0.0,0.0,0.0,0.207612989211615,0.0,0.272132292307369,0.349927951446441,0.0,0.0,0.349927951446441,0.461769638758338,0.0,0.65169818206601,0.0,0.0,0.0,1.0
1.71,0.0,0.0,0.0,0.208509936515547,0.0,0.272884252405826,0.350506166246021,0.0,0.0,0.350506166246021,0.461895102540484,0.0,0.650385701149206,0.0,0.0,0.0,1.0
1.72,0.0,0.0,0.0,0.209399810185476,0.0,0.273629066184697,0.35107633254885,0.0,0.0,0.35107633254885,0.462014351837436,0.0,0.649085826202907,0.0,0.0,0.0,1.0
1.73,0.0,0.0,0.0,0.210282677834214,0.0,0.274366820248094,0.351638588283751,0.0,0.0,0.351638588283751,0.462127556782095,0.0,0.647798403110146,0.0,0.0,0.0,1.0
1.74,0.0,0.0,0.0,0.211158606615038,0.0,0.27509760010454,0.352193068729744,0.0,0.0,0.352193068729744,0.462234882861995,0.0,0.646523279559312,0.0,0.0,0.0,1.0
1.75,0.0,0.0,0.0,0.212027663210306,0.0,0.275821490175534,0.352739906566973,0.0,0.0,0.352739906566973,0.462336491049685,0.0,0.64526030504366,0.0,0.0,0.0,1.0
1.76,0.0,0.0,0.0,0.212889913821027,0.0,0.276538573804429,0.353279231926913,0.0,0.0,0.353279231926913,0.462432537929527,0.0,0.644009330859271,0.0,0.0,0.0,1.0
1.77,0.0,0.0,0.0,0.213745424157338,0.0,0.277248933265577,0.353811172441857,0.0,0.0,0.353811172441857,0.462523175820988,0.0,0.642770210101561,0.0,0.0,0.0,1.0
1.78,0.0,0.0,0.0,0.21459425942985,0.0,0.277952649773732,0.35433585329366,0.0,0.0,0.35433585329366,0.462608552898511,0.0,0.641542797660428,0.0,0.0,0.0,1.0
1.79,0.0,0.0,0.0,0.215436484341811,0.0,0.278649803493678,0.354853397261738,0.0,0.0,0.354853397261738,0.462688813308047,0.0,0.640326950214164,0.0,0.0,0.0,1.0
1.8,0.0,0.0,0.0,0.216272163082035,0.0,0.279340473550062,0.355363924770311,0.0,0.0,0.355363924770311,0.462764097280322,0.0,0.639122526222206,0.0,0.0,0.0,1.0
1.81,0.0,0.0,0.0,0.21710135931857,0.0,0.280024738037404,0.355867553934895,0.0,0.0,0.355867553934895,0.462834541240932,0.0,0.637929385916809,0.0,0.0,0.0,1.0
1.82,0.0,0.0,0.0,0.217924136193062,0.0,0.28070267403028,0.356364400608026,0.0,0.0,0.356364400608026,0.462900277917336,0.0,0.636747391293734,0.0,0.0,0.0,1.0
1.83,0.0,0.0,0.0,0.218740556315769,0.0,0.28137435759364,0.356854578424221,0.0,0.0,0.356854578424221,0.46296143644283,0.0,0.635576406102028,0.0,0.0,0.0,1.0
1.84,0.0,0.0,0.0,0.219550681761196,0.0,0.282039863793251,0.357338198844184,0.0,0.0,0.357338198844184,0.463018142457574,0.0,0.634416295832953,0.0,0.0,0.0,1.0
1.85,0.0,0.0,0.0,0.220354574064326,0.0,0.282699266706258,0.357815371198239,0.0,0.0,0.357815371198239,0.463070518206764,0.0,0.633266927708155,0.0,0.0,0.0,1.0
1.86,0.0,0.0,0.0,0.221152294217392,0.0,0.283352639431821,0.358286202729004,0.0,0.0,0.358286202729004,0.463118682635991,0.0,0.632128170667129,0.0,0.0,0.0,1.0
1.87,0.0,0.0,0.0,0.221943902667186,0.0,0.284000054101853,0.358750798633316,0.0,0.0,0.358750798633316,0.463162751483916,0.0,0.630999895354007,0.0,0.0,0.0,1.0
1.88,0.0,0.0,0.0,0.222729459312849,0.0,0.284641581891796,0.359209262103385,0.0,0.0,0.359209262103385,0.463202837372255,0.0,0.629881974103814,0.0,0.0,0.0,1.0
1.89,0.0,0.0,0.0,0.22350902350414,0.0,0.285277293031465,0.35966169436721,0.0,0.0,0.35966169436721,0.463239049893236,0.0,0.628774280928135,0.0,0.0,0.0,1.0
1.9,0.0,0.0,0.0,0.224282654040139,0.0,0.28590725681593,0.360108194728247,0.0,0.0,0.360108194728247,0.463271495694522,0.0,0.62767669150032,0.0,0.0,0.0,1.0
1.91,0.0,0.0,0.0,0.225050409168365,0.0,0.286531541616413,0.360548860604335,0.0,0.0,0.360548860604335,0.463300278561707,0.0,0.62658908314026,0.0,0.0,0.0,1.0
1.92,0.0,0.0,0.0,0.225812346584286,0.0,0.287150214891209,0.360983787565889,0.0,0.0,0.360983787565889,0.463325499498445,0.0,0.625511334798753,0.0,0.0,0.0,1.0
1.93,0.0,0.0,0.0,0.226568523431198,0.0,0.287763343196616,0.361413069373375,0.0,0.0,0.361413069373375,0.463347256804275,0.0,0.624443327041532,0.0,0.0,0.0,1.0
1.94,0.0,0.0,0.0,0.227318996300448,0.0,0.288370992197855,0.361836798014054,0.0,0.0,0.361836798014054,0.463365646150204,0.0,0.623384942032978,0.0,0.0,0.0,1.0
1.95,0.0,0.0,0.0,0.228063821231985,0.0,0.288973226679978,0.362255063738025,0.0,0.0,0.362255063738025,0.463380760652118,0.0,0.622336063519551,0.0,0.0,0.0,1.0
1.96,0.0,0.0,0.0,0.228803053715215,0.0,0.289570110558757,0.362667955093565,0.0,0.0,0.362667955093565,0.463392690942075,0.0,0.621296576812997,0.0,0.0,0.0,1.0
1.97,0.0,0.0,0.0,0.229536748690144,0.0,0.290161706891548,0.363075558961772,0.0,0.0,0.363075558961772,0.463401525237538,0.0,0.620266368773335,0.0,0.0,0.0,1.0
1.98,0.0,0.0,0.0,0.230264960548794,0.0,0.290748077888109,0.363477960590528,0.0,0.0,0.363477960590528,0.463407349408622,0.0,0.619245327791667,0.0,0.0,0.0,1.0
1.99,0.0,0.0,0.0,0.230987743136863,0.0,0.291329284921393,0.363875243627787,0.0,0.0,0.363875243627787,0.46341024704339,0.0,0.618233343772843,0.0,0.0,0.0,1.0
2.0,0.0,0.0,0.0,0.231705149755635,0.0,0.29190538853827,0.364267490154187,0.0,0.0,0.364267490154187,0.46341029951127,0.0,0.617230308118011,0.0,0.0,0.0,1.0
2.01,0.0,0.0,0.0,0.232417233164095,0.0,0.292476448470213,0.364654780715028,0.0,0.0,0.364654780715028,0.463407586024636,0.0,0.61623611370705,0.0,0.0,0.0,1.0
2.02,0.0,0.0,0.0,0.233124045581266,0.0,0.293042523643922,0.36503719435158,0.0,0.0,0.36503719435158,0.463402183698617,0.0,0.615250654880946,0.0,0.0,0.0,1.0
2.03,0.0,0.0,0.0,0.23382563868873,0.0,0.29360367219187,0.365414808631771,0.0,0.0,0.365414808631771,0.463394167609175,0.0,0.614273827424113,0.0,0.0,0.0,1.0
2.04,0.0,0.0,0.0,0.234522063633332,0.0,0.294159951462798,0.365787699680245,0.0,0.0,0.365787699680245,0.463383610849509,0.0,0.613305528546668,0.0,0.0,0.0,1.0
2.05,0.0,0.0,0.0,0.235213371030049,0.0,0.294711418032128,0.366155942207803,0.0,0.0,0.366155942207803,0.463370584584826,0.0,0.61234565686671,0.0,0.0,0.0,1.0
2.06,0.0,0.0,0.0,0.235899610965022,0.0,0.295258127712294,0.366519609540235,0.0,0.0,0.366519609540235,0.463355158105535,0.0,0.61139411239259,0.0,0.0,0.0,1.0
2.07,0.0,0.0,0.0,0.236580832998724,0.0,0.295800135563004,0.366878773646567,0.0,0.0,0.366878773646567,0.463337398878909,0.0,0.61045079650521,0.0,0.0,0.0,1.0
2.08,0.0,0.0,0.0,0.237257086169267,0.0,0.296337495901412,0.367233505166713,0.0,0.0,0.367233505166713,0.463317372599252,0.0,0.609515611940346,0.0,0.0,0.0,1.0
2.09,0.0,0.0,0.0,0.23792841899583,0.0,0.2968702623122,0.367583873438557,0.0,0.0,0.367583873438557,0.463295143236618,0.0,0.608588462771031,0.0,0.0,0.0,1.0
2.1,0.0,0.0,0.0,0.238594879482206,0.0,0.297398487657579,0.36792994652447,0.0,0.0,0.36792994652447,0.463270773084136,0.0,0.607669254389989,0.0,0.0,0.0,1.0
2.11,0.0,0.0,0.0,0.23925651512045,0.0,0.29792222408719,0.368271791237271,0.0,0.0,0.368271791237271,0.463244322803963,0.0,0.606757893492159,0.0,0.0,0.0,1.0
2.12,0.0,0.0,0.0,0.239913372894624,0.0,0.298441523047916,0.368609473165649,0.0,0.0,0.368609473165649,0.463215851471917,0.0,0.605854288057284,0.0,0.0,0.0,1.0
2.13,0.0,0.0,0.0,0.240565499284634,0.0,0.298956435293601,0.368943056699043,0.0,0.0,0.368943056699043,0.463185416620827,0.0,0.60495834733261,0.0,0.0,0.0,1.0
2.14,0.0,0.0,0.0,0.241212940270144,0.0,0.299467010894658,0.369272605052005,0.0,0.0,0.369272605052005,0.463153074282641,0.0,0.604069981815684,0.0,0.0,0.0,1.0
2.15,0.0,0.0,0.0,0.241855741334566,0.0,0.299973299247596,0.369598180288048,0.0,0.0,0.369598180288048,0.463118879029317,0.0,0.603189103237264,0.0,0.0,0.0,1.0
2.16,0.0,0.0,0.0,0.242493947469116,0.0,0.300475349084435,0.369919843342986,0.0,0.0,0.369919843342986,0.463082884012544,0.0,0.602315624544357,0.0,0.0,0.0,1.0
2.17,0.0,0.0,0.0,0.243127603176928,0.0,0.300973208482019,0.370237654047784,0.0,0.0,0.370237654047784,0.463045141002331,0.0,0.601449459883372,0.0,0.0,0.0,1.0
2.18,0.0,0.0,0.0,0.243756752477227,0.0,0.30146692487123,0.370551671150921,0.0,0.0,0.370551671150921,0.46300570042448,0.0,0.600590524583428,0.0,0.0,0.0,1.0
2.19,0.0,0.0,0.0,0.244381438909544,0.0,0.3019565450461,0.370861952340282,0.0,0.0,0.370861952340282,0.462964611396993,0.0,0.59973873513978,0.0,0.0,0.0,1.0
2.2,0.0,0.0,0.0,0.245001705537978,0.0,0.302442115172814,0.371168554264578,0.0,0.0,0.371168554264578,0.462921921765441,0.0,0.598894009197415,0.0,0.0,0.0,1.0
2.21,0.0,0.0,0.0,0.245617594955492,0.0,0.302923680798611,0.371471532554319,0.0,0.0,0.371471532554319,0.462877678137313,0.0,0.598056265534776,0.0,0.0,0.0,1.0
2.22,0.0,0.0,0.0,0.246229149288245,0.0,0.303401286860577,0.371770941842328,0.0,0.0,0.371770941842328,0.462831925915397,0.0,0.597225424047666,0.0,0.0,0.0,1.0
2.23,0.0,0.0,0.0,0.246836410199944,0.0,0.303874977694337,0.372066835783831,0.0,0.0,0.372066835783831,0.462784709330204,0.0,0.59640140573329,0.0,0.0,0.0,1.0
2.24,0.0,0.0,0.0,0.247439418896232,0.0,0.304344797042635,0.372359267076109,0.0,0.0,0.372359267076109,0.462736071471468,0.0,0.595584132674478,0.0,0.0,0.0,1.0
2.25,0.0,0.0,0.0,0.24803821612908,0.0,0.304810788063815,0.372648287477733,0.0,0.0,0.372648287477733,0.462686054318754,0.0,0.594773528024061,0.0,0.0,0.0,1.0
2.26,0.0,0.0,0.0,0.248632842201205,0.0,0.305272993340189,0.372933947827386,0.0,0.0,0.372933947827386,0.462634698771199,0.0,0.593969515989428,0.0,0.0,0.0,1.0
2.27,0.0,0.0,0.0,0.249223336970496,0.0,0.305731454886303,0.373216298062289,0.0,0.0,0.373216298062289,0.4625820446764,0.0,0.593172021817245,0.0,0.0,0.0,1.0
2.28,0.0,0.0,0.0,0.249809739854444,0.0,0.306186214157097,0.373495387236225,0.0,0.0,0.373495387236225,0.462528130858497,0.0,0.592380971778357,0.0,0.0,0.0,1.0
2.29,0.0,0.0,0.0,0.250392089834581,0.0,0.306637312055958,0.373771263537182,0.0,0.0,0.373771263537182,0.462472995145452,0.0,0.591596293152856,0.0,0.0,0.0,1.0
2.3,0.0,0.0,0.0,0.250970425460922,0.0,0.307084788942671,0.374043974304616,0.0,0.0,0.374043974304616,0.462416674395563,0.0,0.590817914215338,0.0,0.0,0.0,1.0
2.31,0.0,0.0,0.0,0.251544784856398,0.0,0.307528684641257,0.374313566046346,0.0,0.0,0.374313566046346,0.462359204523229,0.0,0.590045764220327,0.0,0.0,0.0,1.0
2.32,0.0,0.0,0.0,0.252115205721289,0.0,0.307969038447721,0.374580084455089,0.0,0.0,0.374580084455089,0.462300620523985,0.0,0.589279773387881,0.0,0.0,0.0,1.0
2.33,0.0,0.0,0.0,0.252681725337657,0.0,0.308405889137678,0.374843574424638,0.0,0.0,0.374843574424638,0.462240956498842,0.0,0.588519872889387,0.0,0.0,0.0,1.0
2.34,0.0,0.0,0.0,0.253244380573754,0.0,0.308839274973894,0.375104080065692,0.0,0.0,0.375104080065692,0.462180245677935,0.0,0.587765994833523,0.0,0.0,0.0,1.0
2.35,0.0,0.0,0.0,0.253803207888431,0.0,0.309269233713708,0.375361644721355,0.0,0.0,0.375361644721355,0.46211852044351,0.0,0.587018072252412,0.0,0.0,0.0,1.0
2.36,0.0,0.0,0.0,0.254358243335531,0.0,0.309695802616364,0.375616310982296,0.0,0.0,0.375616310982296,0.462055812352271,0.0,0.586276039087948,0.0,0.0,0.0,1.0
2.37,0.0,0.0,0.0,0.254909522568262,0.0,0.310119018450235,0.375868120701589,0.0,0.0,0.375868120701589,0.461992152157101,0.0,0.585539830178312,0.0,0.0,0.0,1.0
2.38,0.0,0.0,0.0,0.255457080843557,0.0,0.31053891749995,0.376117115009232,0.0,0.0,0.376117115009232,0.461927569828169,0.0,0.584809381244654,0.0,0.0,0.0,1.0
2.39,0.0,0.0,0.0,0.256000953026412,0.0,0.310955535573418,0.376363334326361,0.0,0.0,0.376363334326361,0.461862094573462,0.0,0.584084628877974,0.0,0.0,0.0,1.0
2.4,0.0,0.0,0.0,0.256541173594201,0.0,0.311368908008755,0.376606818379154,0.0,0.0,0.376606818379154,0.461795754858734,0.0,0.583365510526171,0.0,0.0,0.0,1.0
2.41,0.0,0.0,0.0,0.257077776640978,0.0,0.311779069681115,0.376847606212448,0.0,0.0,0.376847606212448,0.461728578426905,0.0,0.582651964481264,0.0,0.0,0.0,1.0
2.42,0.0,0.0,0.0,0.25761079588174,0.0,0.312186055009417,0.377085736203051,0.0,0.0,0.377085736203051,0.461660592316925,0.0,0.58194392986681,0.0,0.0,0.0,1.0
2.43,0.0,0.0,0.0,0.258140264656679,0.0,0.312589897962983,0.377321246072785,0.0,0.0,0.377321246072785,0.461591822882109,0.0,0.581241346625482,0.0,0.0,0.0,1.0
2.44,0.0,0.0,0.0,0.2586662159354,0.0,0.312990632068078,0.377554172901244,0.0,0.0,0.377554172901244,0.461522295807973,0.0,0.580544155506832,0.0,0.0,0.0,1.0
2.45,0.0,0.0,0.0,0.259188682321111,0.0,0.313388290414351,0.377784553138277,0.0,0.0,0.377784553138277,0.461452036129565,0.0,0.57985229805522,0.0,0.0,0.0,1.0
2.46,0.0,0.0,0.0,0.259707696054791,0.0,0.313782905661193,0.378012422616215,0.0,0.0,0.378012422616215,0.461381068248334,0.0,0.579165716597933,0.0,0.0,0.0,1.0
2.47,0.0,0.0,0.0,0.260223289019317,0.0,0.31417451004399,0.37823781656183,0.0,0.0,0.37823781656183,0.461309415948524,0.0,0.578484354233456,0.0,0.0,0.0,1.0
2.48,0.0,0.0,0.0,0.260735492743574,0.0,0.314563135380293,0.378460769608044,0.0,0.0,0.378460769608044,0.461237102413118,0.0,0.577808154819929,0.0,0.0,0.0,1.0
2.49,0.0,0.0,0.0,0.261244338406522,0.0,0.314948813075895,0.378681315805385,0.0,0.0,0.378681315805385,0.461164150239348,0.0,0.577137062963771,0.0,0.0,0.0,1.0
2.5,0.0,0.0,0.0,0.261749856841242,0.0,0.31533157413082,0.378899488633214,0.0,0.0,0.378899488633214,0.461090581453787,0.0,0.576471024008453,0.0,0.0,0.0,1.0
2.51,0.0,0.0,0.0,0.262252078538935,0.0,0.315711449145218,0.379115321010694,0.0,0.0,0.379115321010694,0.461016417527007,0.0,0.575809984023476,0.0,0.0,0.0,1.0
2.52,0.0,0.0,0.0,0.262751033652904,0.0,0.316088468325178,0.379328845307541,0.0,0.0,0.379328845307541,0.460941679387864,0.0,0.575153889793474,0.0,0.0,0.0,1.0
2.53,0.0,0.0,0.0,0.263246752002488,0.0,0.316462661488458,0.379540093354547,0.0,0.0,0.379540093354547,0.460866387437371,0.0,0.574502688807505,0.0,0.0,0.0,1.0
2.54,0.0,0.0,0.0,0.263739263076971,0.0,0.316834058070117,0.379749096453873,0.0,0.0,0.379749096453873,0.460790561562209,0.0,0.573856329248494,0.0,0.0,0.0,1.0
2.55,0.0,0.0,0.0,0.264228596039453,0.0,0.317202687128075,0.379955885389136,0.0,0.0,0.379955885389136,0.460714221147865,0.0,0.573214759982835,0.0,0.0,0.0,1.0
2.56,0.0,0.0,0.0,0.264714779730684,0.0,0.317568577348585,0.380160490435277,0.0,0.0,0.380160490435277,0.46063738509141,0.0,0.572577930550156,0.0,0.0,0.0,1.0
2.57,0.0,0.0,0.0,0.265197842672865,0.0,0.317931757051621,0.380362941368218,0.0,0.0,0.380362941368218,0.460560071813941,0.0,0.571945791153235,0.0,0.0,0.0,1.0
2.58,0.0,0.0,0.0,0.265677813073412,0.0,0.31829225419619,0.380563267474327,0.0,0.0,0.380563267474327,0.46048229927268,0.0,0.571318292648074,0.0,0.0,0.0,1.0
2.59,0.0,0.0,0.0,0.266154718828683,0.0,0.318650096385558,0.380761497559678,0.0,0.0,0.380761497559678,0.460404084972746,0.0,0.570695386534122,0.0,0.0,0.0,1.0
2.6,0.0,0.0,0.0,0.266628587527672,0.0,0.319005310872401,0.380957659959113,0.0,0.0,0.380957659959113,0.460325445978615,0.0,0.570077024944651,0.0,0.0,0.0,1.0
2.61,0.0,0.0,0.0,0.26709944645566,0.0,0.319357924563876,0.381151782545125,0.0,0.0,0.381151782545125,0.460246398925269,0.0,0.569463160637282,0.0,0.0,0.0,1.0
2.62,0.0,0.0,0.0,0.267567322597838,0.0,0.319707964026618,0.381343892736546,0.0,0.0,0.381343892736546,0.460166960029047,0.0,0.568853746984654,0.0,0.0,0.0,1.0
2.63,0.0,0.0,0.0,0.268032242642885,0.0,0.320055455491654,0.381534017507059,0.0,0.0,0.381534017507059,0.460087145098203,0.0,0.56824873796524,0.0,0.0,0.0,1.0
2.64,0.0,0.0,0.0,0.268494232986513,0.0,0.320400424859256,0.381722183393531,0.0,0.0,0.381722183393531,0.460006969543186,0.0,0.567648088154306,0.0,0.0,0.0,1.0
2.65,0.0,0.0,0.0,0.268953319734975,0.0,0.3207428977037,0.381908416504174,0.0,0.0,0.381908416504174,0.459926448386644,0.0,0.567051752715012,0.0,0.0,0.0,1.0
2.66,0.0,0.0,0.0,0.269409528708536,0.0,0.321082899277974,0.382092742526535,0.0,0.0,0.382092742526535,0.459845596273158,0.0,0.566459687389651,0.0,0.0,0.0,1.0
2.67,0.0,0.0,0.0,0.269862885444904,0.0,0.321420454518396,0.382275186735321,0.0,0.0,0.382275186735321,0.459764427478722,0.0,0.565871848491028,0.0,0.0,0.0,1.0
2.68,0.0,0.0,0.0,0.270313415202629,0.0,0.321755588049174,0.382455774000063,0.0,0.0,0.382455774000063,0.459682955919972,0.0,0.565288192893964,0.0,0.0,0.0,1.0
2.69,0.0,0.0,0.0,0.270761142964461,0.0,0.322088324186888,0.38263452879262,0.0,0.0,0.38263452879262,0.459601195163166,0.0,0.564708678026954,0.0,0.0,0.0,1.0
2.7,0.0,0.0,0.0,0.271206093440672,0.0,0.322418686944908,0.382811475194528,0.0,0.0,0.382811475194528,0.459519158432926,0.0,0.564133261863937,0.0,0.0,0.0,1.0
2.71,0.0,0.0,0.0,0.271648291072342,0.0,0.322746700037745,0.3829866369042,0.0,0.0,0.3829866369042,0.459436858620759,0.0,0.563561902916204,0.0,0.0,0.0,1.0
2.72,0.0,0.0,0.0,0.272087760034608,0.0,0.323072386885328,0.383160037243977,0.0,0.0,0.383160037243977,0.45935430829334,0.0,0.562994560224434,0.0,0.0,0.0,1.0
2.73,0.0,0.0,0.0,0.272524524239876,0.0,0.323395770617224,0.383331699167031,0.0,0.0,0.383331699167031,0.459271519700585,0.0,0.562431193350857,0.0,0.0,0.0,1.0
2.74,0.0,0.0,0.0,0.272958607340998,0.0,0.32371687407679,0.383501645264134,0.0,0.0,0.383501645264134,0.459188504783516,0.0,0.561871762371539,0.0,0.0,0.0,1.0
2.75,0.0,0.0,0.0,0.273390032734407,0.0,0.324035719825257,0.383669897770276,0.0,0.0,0.383669897770276,0.459105275181904,0.0,0.56131622786879,0.0,0.0,0.0,1.0
2.76,0.0,0.0,0.0,0.273818823563227,0.0,0.324352330145759,0.383836478571164,0.0,0.0,0.383836478571164,0.459021842241734,0.0,0.560764550923691,0.0,0.0,0.0,1.0
2.77,0.0,0.0,0.0,0.274245002720335,0.0,0.324666727047291,0.384001409209573,0.0,0.0,0.384001409209573,0.458938217022453,0.0,0.560216693108747,0.0,0.0,0.0,1.0
2.78,0.0,0.0,0.0,0.274668592851393,0.0,0.324978932268617,0.384164710891578,0.0,0.0,0.384164710891578,0.45885441030405,0.0,0.559672616480643,0.0,0.0,0.0,1.0
2.79,0.0,0.0,0.0,0.275089616357848,0.0,0.325288967282105,0.384326404492656,0.0,0.0,0.384326404492656,0.45877043259393,0.0,0.559132283573133,0.0,0.0,0.0,1.0
2.8,0.0,0.0,0.0,0.27550809539989,0.0,0.325596853297514,0.384486510563661,0.0,0.0,0.384486510563661,0.458686294133632,0.0,0.558595657390028,0.0,0.0,0.0,1.0
2.81,0.0,0.0,0.0,0.275924051899373,0.0,0.325902611265717,0.384645049336684,0.0,0.0,0.384645049336684,0.458602004905353,0.0,0.558062701398301,0.0,0.0,0.0,1.0
2.82,0.0,0.0,0.0,0.276337507542716,0.0,0.326206261882365,0.384802040730792,0.0,0.0,0.384802040730792,0.458517574638314,0.0,0.557533379521305,0.0,0.0,0.0,1.0
2.83,0.0,0.0,0.0,0.276748483783749,0.0,0.326507825591503,0.384957504357646,0.0,0.0,0.384957504357646,0.458433012814961,0.0,0.557007656132094,0.0,0.0,0.0,1.0
2.84,0.0,0.0,0.0,0.277157001846541,0.0,0.326807322589118,0.385111459527016,0.0,0.0,0.385111459527016,0.458348328677004,0.0,0.556485496046851,0.0,0.0,0.0,1.0
2.85,0.0,0.0,0.0,0.277563082728184,0.0,0.327104772826645,0.385263925252175,0.0,0.0,0.385263925252175,0.458263531231296,0.0,0.555966864518427,0.0,0.0,0.0,1.0
2.86,0.0,0.0,0.0,0.27796674720155,0.0,0.327400196014408,0.385414920255194,0.0,0.0,0.385414920255194,0.458178629255574,0.0,0.555451727229978,0.0,0.0,0.0,1.0
2.87,0.0,0.0,0.0,0.278368015818007,0.0,0.327693611625013,0.385564462972119,0.0,0.0,0.385564462972119,0.458093631304035,0.0,0.554940050288702,0.0,0.0,0.0,1.0
2.88,0.0,0.0,0.0,0.27876690891011,0.0,0.327985038896693,0.38571257155806,0.0,0.0,0.38571257155806,0.458008545712784,0.0,0.554431800219679,0.0,0.0,0.0,1.0
2.89,0.0,0.0,0.0,0.279163446594252,0.0,0.328274496836592,0.385859263892164,0.0,0.0,0.385859263892164,0.457923380605136,0.0,0.553926943959815,0.0,0.0,0.0,1.0
2.9,0.0,0.0,0.0,0.279557648773289,0.0,0.328562004224005,0.386004557582495,0.0,0.0,0.386004557582495,0.457838143896784,0.0,0.553425448851865,0.0,0.0,0.0,1.0
2.91,0.0,0.0,0.0,0.279949535139123,0.0,0.328847579613566,0.386148469970822,0.0,0.0,0.386148469970822,0.457752843300832,0.0,0.552927282638576,0.0,0.0,0.0,1.0
2.92,0.0,0.0,0.0,0.280339125175264,0.0,0.32913124133839,0.386291018137298,0.0,0.0,0.386291018137298,0.457667486332708,0.0,0.552432413456902,0.0,0.0,0.0,1.0
2.93,0.0,0.0,0.0,0.280726438159352,0.0,0.329413007513159,0.386432218905066,0.0,0.0,0.386432218905066,0.457582080314944,0.0,0.551940809832324,0.0,0.0,0.0,1.0
2.94,0.0,0.0,0.0,0.281111493165653,0.0,0.32969289603717,0.38657208884475,0.0,0.0,0.38657208884475,0.457496632381839,0.0,0.551452440673256,0.0,0.0,0.0,1.0
2.95,0.0,0.0,0.0,0.281494309067519,0.0,0.329970924597328,0.386710644278883,0.0,0.0,0.386710644278883,0.457411149484002,0.0,0.550967275265538,0.0,0.0,0.0,1.0
2.96,0.0,0.0,0.0,0.281874904539818,0.0,0.330247110671101,0.386847901286225,0.0,0.0,0.386847901286225,0.457325638392786,0.0,0.550485283267024,0.0,0.0,0.0,1.0
2.97,0.0,0.0,0.0,0.282253298061342,0.0,0.330521471529421,0.38698387570601,0.0,0.0,0.38698387570601,0.457240105704596,0.0,0.550006434702252,0.0,0.0,0.0,1.0
2.98,0.0,0.0,0.0,0.282629507917167,0.0,0.330794024239546,0.387118583142108,0.0,0.0,0.387118583142108,0.45715455784511,0.0,0.549530699957192,0.0,0.0,0.0,1.0
2.99,0.0,0.0,0.0,0.283003552201005,0.0,0.331064785667879,0.3872520389671,0.0,0.0,0.3872520389671,0.457069001073374,0.0,0.549058049774093,0.0,0.0,0.0,1.0
3.0,0.0,0.0,0.0,0.283375448817503,0.0,0.331333772482737,0.387384258326272,0.0,0.0,0.387384258326272,0.4569834414858,0.0,0.548588455246407,0.0,0.0,0.0,1.0
3.01,0.0,0.0,0.0,0.283745215484538,0.0,0.331601001157088,0.387515256141548,0.0,0.0,0.387515256141548,0.45689788502008,0.0,0.548121887813768,0.0,0.0,0.0,1.0
3.02,0.0,0.0,0.0,0.284112869735461,0.0,0.331866487971233,0.387645047115321,0.0,0.0,0.387645047115321,0.45681233745897,0.0,0.547658319257101,0.0,0.0,0.0,1.0
3.03,0.0,0.0,0.0,0.28447842892132,0.0,0.332130249015461,0.387773645734231,0.0,0.0,0.387773645734231,0.456726804434013,0.0,0.547197721693765,0.0,0.0,0.0,1.0
3.04,0.0,0.0,0.0,0.284841910213065,0.0,0.332392300192653,0.387901066272854,0.0,0.0,0.387901066272854,0.456641291429143,0.0,0.546740067572791,0.0,0.0,0.0,1.0
3.05,0.0,0.0,0.0,0.285203330603704,0.0,0.33265265722085,0.388027322797335,0.0,0.0,0.388027322797335,0.456555803784218,0.0,0.546285329670196,0.0,0.0,0.0,1.0
3.06,0.0,0.0,0.0,0.285562706910455,0.0,0.33291133563578,0.388152429168934,0.0,0.0,0.388152429168934,0.456470346698455,0.0,0.545833481084367,0.0,0.0,0.0,1.0
3.07,0.0,0.0,0.0,0.28592005577685,0.0,0.333168350793353,0.388276399047518,0.0,0.0,0.388276399047518,0.456384925233782,0.0,0.545384495231522,0.0,0.0,0.0,1.0
3.08,0.0,0.0,0.0,0.286275393674822,0.0,0.333423717872107,0.388399245894977,0.0,0.0,0.388399245894977,0.456299544318107,0.0,0.544938345841235,0.0,0.0,0.0,1.0
3.09,0.0,0.0,0.0,0.286628736906769,0.0,0.333677451875626,0.388520982978579,0.0,0.0,0.388520982978579,0.456214208748509,0.0,0.544495006952046,0.0,0.0,0.0,1.0
3.1,0.0,0.0,0.0,0.286980101607583,0.0,0.333929567634918,0.388641623374256,0.0,0.0,0.388641623374256,0.456128923194346,0.0,0.544054452907124,0.0,0.0,0.0,1.0
3.11,0.0,0.0,0.0,0.287329503746654,0.0,0.334180079810755,0.388761179969835,0.0,0.0,0.388761179969835,0.45604369220029,0.0,0.543616658350008,0.0,0.0,0.0,1.0
3.12,0.0,0.0,0.0,0.287676959129854,0.0,0.334429002895978,0.388879665468197,0.0,0.0,0.388879665468197,0.455958520189285,0.0,0.543181598220417,0.0,0.0,0.0,1.0
3.13,0.0,0.0,0.0,0.288022483401492,0.0,0.334676351217774,0.388997092390383,0.0,0.0,0.388997092390383,0.455873411465432,0.0,0.542749247750118,0.0,0.0,0.0,1.0
3.14,0.0,0.0,0.0,0.288366092046243,0.0,0.334922138939904,0.389113473078642,0.0,0.0,0.389113473078642,0.455788370216806,0.0,0.542319582458865,0.0,0.0,0.0,1.0
3.15,0.0,0.0,0.0,0.288707800391052,0.0,0.335166380064916,0.389228819699415,0.0,0.0,0.389228819699415,0.455703400518205,0.0,0.541892578150399,0.0,0.0,0.0,1.0
3.16,0.0,0.0,0.0,0.289047623607015,0.0,0.335409088436303,0.389343144246264,0.0,0.0,0.389343144246264,0.455618506333822,0.0,0.541468210908516,0.0,0.0,0.0,1.0
3.17,0.0,0.0,0.0,0.289385576711236,0.0,0.33565027774065,0.389456458542752,0.0,0.0,0.389456458542752,0.455533691519868,0.0,0.541046457093184,0.0,0.0,0.0,1.0
3.18,0.0,0.0,0.0,0.289721674568659,0.0,0.335889961509733,0.389568774245263,0.0,0.0,0.389568774245263,0.455448959827117,0.0,0.540627293336736,0.0,0.0,0.0,1.0
3.19,0.0,0.0,0.0,0.290055931893874,0.0,0.336128153122589,0.389680102845765,0.0,0.0,0.389680102845765,0.455364314903393,0.0,0.540210696540123,0.0,0.0,0.0,1.0
3.2,0.0,0.0,0.0,0.290388363252906,0.0,0.336364865807566,0.389790455674533,0.0,0.0,0.389790455674533,0.455279760296006,0.0,0.539796643869196,0.0,0.0,0.0,1.0
3.21,0.0,0.0,0.0,0.290718983064972,0.0,0.336600112644328,0.38989984390281,0.0,0.0,0.38989984390281,0.45519529945411,0.0,0.53938511275109,0.0,0.0,0.0,1.0
3.22,0.0,0.0,0.0,0.291047805604226,0.0,0.336833906565832,0.39000827854542,0.0,0.0,0.39000827854542,0.455110935731026,0.0,0.538976080870637,0.0,0.0,0.0,1.0
3.23,0.0,0.0,0.0,0.29137484500147,0.0,0.337066260360288,0.390115770463342,0.0,0.0,0.390115770463342,0.455026672386487,0.0,0.538569526166833,0.0,0.0,0.0,1.0
3.24,0.0,0.0,0.0,0.291700115245852,0.0,0.337297186673071,0.390222330366218,0.0,0.0,0.390222330366218,0.45494251258885,0.0,0.53816542682938,0.0,0.0,0.0,1.0
3.25,0.0,0.0,0.0,0.292023630186535,0.0,0.337526698008621,0.390327968814835,0.0,0.0,0.390327968814835,0.454858459417235,0.0,0.537763761295259,0.0,0.0,0.0,1.0
3.26,0.0,0.0,0.0,0.292345403534353,0.0,0.337754806732303,0.390432696223543,0.0,0.0,0.390432696223543,0.45477451586363,0.0,0.537364508245372,0.0,0.0,0.0,1.0
3.27,0.0,0.0,0.0,0.292665448863434,0.0,0.337981525072244,0.39053652286264,0.0,0.0,0.39053652286264,0.454690684834932,0.0,0.536967646601229,0.0,0.0,0.0,1.0
3.28,0.0,0.0,0.0,0.292983779612814,0.0,0.338206865121145,0.390639458860707,0.0,0.0,0.390639458860707,0.454606969154945,0.0,0.536573155521687,0.0,0.0,0.0,1.0
3.29,0.0,0.0,0.0,0.29330040908802,0.0,0.338430838838058,0.390741514206903,0.0,0.0,0.390741514206903,0.454523371566332,0.0,0.536181014399743,0.0,0.0,0.0,1.0
3.3,0.0,0.0,0.0,0.293615350462638,0.0,0.338653458050144,0.390842698753214,0.0,0.0,0.390842698753214,0.454439894732514,0.0,0.535791202859371,0.0,0.0,0.0,1.0
3.31,0.0,0.0,0.0,0.293928616779861,0.0,0.338874734454407,0.390943022216668,0.0,0.0,0.390943022216668,0.454356541239534,0.0,0.53540370075241,0.0,0.0,0.0,1.0
3.32,0.0,0.0,0.0,0.294240220954015,0.0,0.339094679619389,0.391042494181498,0.0,0.0,0.391042494181498,0.454273313597861,0.0,0.535018488155504,0.0,0.0,0.0,1.0
3.33,0.0,0.0,0.0,0.294550175772064,0.0,0.339313304986854,0.39114112410128,0.0,0.0,0.39114112410128,0.454190214244169,0.0,0.53463554536708,0.0,0.0,0.0,1.0
3.34,0.0,0.0,0.0,0.294858493895098,0.0,0.33953062187344,0.391238921301014,0.0,0.0,0.391238921301014,0.454107245543058,0.0,0.534254852904384,0.0,0.0,0.0,1.0
3.35,0.0,0.0,0.0,0.295165187859802,0.0,0.339746641472289,0.391335894979187,0.0,0.0,0.391335894979187,0.454024409788745,0.0,0.533876391500548,0.0,0.0,0.0,1.0
3.36,0.0,0.0,0.0,0.295470270079903,0.0,0.339961374854651,0.391432054209783,0.0,0.0,0.391432054209783,0.45394170920671,0.0,0.533500142101719,0.0,0.0,0.0,1.0
3.37,0.0,0.0,0.0,0.295773752847603,0.0,0.340174832971466,0.391527407944261,0.0,0.0,0.391527407944261,0.453859145955303,0.0,0.533126085864217,0.0,0.0,0.0,1.0
3.38,0.0,0.0,0.0,0.296075648334986,0.0,0.34038702665492,0.391621965013504,0.0,0.0,0.391621965013504,0.453776722127315,0.0,0.532754204151741,0.0,0.0,0.0,1.0
3.39,0.0,0.0,0.0,0.296375968595416,0.0,0.340597966619984,0.39171573412972,0.0,0.0,0.39171573412972,0.45369443975151,0.0,0.532384478532625,0.0,0.0,0.0,1.0
3.4,0.0,0.0,0.0,0.296674725564911,0.0,0.340807663465922,0.391808723888321,0.0,0.0,0.391808723888321,0.453612300794122,0.0,0.532016890777124,0.0,0.0,0.0,1.0
3.41,0.0,0.0,0.0,0.296971931063499,0.0,0.341016127677784,0.39190094276976,0.0,0.0,0.39190094276976,0.453530307160319,0.0,0.531651422854748,0.0,0.0,0.0,1.0
3.42,0.0,0.0,0.0,0.297267596796559,0.0,0.341223369627875,0.391992399141342,0.0,0.0,0.391992399141342,0.453448460695624,0.0,0.531288056931638,0.0,0.0,0.0,1.0
3.43,0.0,0.0,0.0,0.297561734356144,0.0,0.3414293995772,0.392083101258992,0.0,0.0,0.392083101258992,0.453366763187317,0.0,0.530926775367973,0.0,0.0,0.0,1.0
3.44,0.0,0.0,0.0,0.297854355222288,0.0,0.341634227676888,0.392173057269004,0.0,0.0,0.392173057269004,0.453285216365787,0.0,0.530567560715427,0.0,0.0,0.0,1.0
3.45,0.0,0.0,0.0,0.298145470764291,0.0,0.341837863969604,0.392262275209748,0.0,0.0,0.392262275209748,0.453203821905868,0.0,0.53021039571466,0.0,0.0,0.0,1.0
3.46,0.0,0.0,0.0,0.298435092241996,0.0,0.342040318390925,0.392350763013355,0.0,0.0,0.392350763013355,0.453122581428136,0.0,0.52985526329284,0.0,0.0,0.0,1.0
3.47,0.0,0.0,0.0,0.29872323080704,0.0,0.34224160077071,0.392438528507367,0.0,0.0,0.392438528507367,0.453041496500174,0.0,0.529502146561216,0.0,0.0,0.0,1.0
3.48,0.0,0.0,0.0,0.299009897504097,0.0,0.342441720834442,0.392525579416357,0.0,0.0,0.392525579416357,0.45296056863781,0.0,0.529151028812714,0.0,0.0,0.0,1.0
3.49,0.0,0.0,0.0,0.299295103272101,0.0,0.342640688204554,0.392611923363526,0.0,0.0,0.392611923363526,0.452879799306332,0.0,0.52880189351958,0.0,0.0,0.0,1.0
3.5,0.0,0.0,0.0,0.299578858945454,0.0,0.342838512401734,0.392697567872267,0.0,0.0,0.392697567872267,0.452799189921661,0.0,0.52845472433105,0.0,0.0,0.0,1.0
3.51,0.0,0.0,0.0,0.299861175255218,0.0,0.343035202846213,0.392782520367698,0.0,0.0,0.392782520367698,0.452718741851512,0.0,0.528109505071058,0.0,0.0,0.0,1.0
3.52,0.0,0.0,0.0,0.300142062830291,0.0,0.34323076885903,0.392866788178182,0.0,0.0,0.392866788178182,0.452638456416517,0.0,0.527766219735982,0.0,0.0,0.0,1.0
3.53,0.0,0.0,0.0,0.300421532198572,0.0,0.343425219663288,0.392950378536801,0.0,0.0,0.392950378536801,0.452558334891326,0.0,0.527424852492414,0.0,0.0,0.0,1.0
3.54,0.0,0.0,0.0,0.300699593788104,0.0,0.343618564385379,0.393033298582822,0.0,0.0,0.393033298582822,0.452478378505685,0.0,0.527085387674975,0.0,0.0,0.0,1.0
3.55,0.0,0.0,0.0,0.300976257928211,0.0,0.343810812056202,0.393115555363124,0.0,0.0,0.393115555363124,0.452398588445485,0.0,0.526747809784154,0.0,0.0,0.0,1.0
3.56,0.0,0.0,0.0,0.301251534850614,0.0,0.344001971612362,0.393197155833609,0.0,0.0,0.393197155833609,0.452318965853786,0.0,0.526412103484181,0.0,0.0,0.0,1.0
3.57,0.0,0.0,0.0,0.30152543469053,0.0,0.344192051897342,0.393278106860584,0.0,0.0,0.393278106860584,0.452239511831824,0.0,0.526078253600932,0.0,0.0,0.0,1.0
3.58,0.0,0.0,0.0,0.301797967487772,0.0,0.344381061662674,0.39335841522212,0.0,0.0,0.39335841522212,0.452160227439988,0.0,0.52574624511987,0.0,0.0,0.0,1.0
3.59,0.0,0.0,0.0,0.302069143187812,0.0,0.34456900956908,0.393438087609386,0.0,0.0,0.393438087609386,0.452081113698777,0.0,0.525416063184002,0.0,0.0,0.0,1.0
3.6,0.0,0.0,0.0,0.302338971642855,0.0,0.344755904187604,0.393517130627964,0.0,0.0,0.393517130627964,0.452002171589736,0.0,0.525087693091886,0.0,0.0,0.0,1.0
3.61,0.0,0.0,0.0,0.302607462612877,0.0,0.344941754000723,0.393595550799139,0.0,0.0,0.393595550799139,0.451923402056368,0.0,0.524761120295648,0.0,0.0,0.0,1.0
3.62,0.0,0.0,0.0,0.302874625766667,0.0,0.345126567403448,0.393673354561162,0.0,0.0,0.393673354561162,0.451844806005029,0.0,0.524436330399044,0.0,0.0,0.0,1.0
3.63,0.0,0.0,0.0,0.303140470682844,0.0,0.345310352704403,0.393750548270502,0.0,0.0,0.393750548270502,0.451766384305799,0.0,0.524113309155538,0.0,0.0,0.0,1.0
3.64,0.0,0.0,0.0,0.30340500685087,0.0,0.345493118126895,0.393827138203063,0.0,0.0,0.393827138203063,0.451688137793333,0.0,0.523792042466416,0.0,0.0,0.0,1.0
3.65,0.0,0.0,0.0,0.303668243672043,0.0,0.345674871809962,0.393903130555396,0.0,0.0,0.393903130555396,0.451610067267697,0.0,0.523472516378928,0.0,0.0,0.0,1.0
3.66,0.0,0.0,0.0,0.303930190460482,0.0,0.345855621809412,0.393978531445874,0.0,0.0,0.393978531445874,0.451532173495176,0.0,0.523154717084446,0.0,0.0,0.0,1.0
3.67,0.0,0.0,0.0,0.304190856444097,0.0,0.346035376098844,0.394053346915859,0.0,0.0,0.394053346915859,0.451454457209078,0.0,0.522838630916667,0.0,0.0,0.0,1.0
3.68,0.0,0.0,0.0,0.304450250765546,0.0,0.346214142570658,0.394127582930844,0.0,0.0,0.394127582930844,0.451376919110501,0.0,0.522524244349823,0.0,0.0,0.0,1.0
3.69,0.0,0.0,0.0,0.304708382483185,0.0,0.346391929037044,0.394201245381576,0.0,0.0,0.394201245381576,0.451299559869101,0.0,0.522211543996933,0.0,0.0,0.0,1.0
3.7,0.0,0.0,0.0,0.304965260572001,0.0,0.346568743230967,0.39427434008516,0.0,0.0,0.39427434008516,0.45122238012383,0.0,0.521900516608068,0.0,0.0,0.0,1.0
3.71,0.0,0.0,0.0,0.305220893924532,0.0,0.346744592807127,0.394346872786144,0.0,0.0,0.394346872786144,0.45114538048366,0.0,0.521591149068656,0.0,0.0,0.0,1.0
3.72,0.0,0.0,0.0,0.305475291351782,0.0,0.346919485342915,0.394418849157591,0.0,0.0,0.394418849157591,0.451068561528298,0.0,0.521283428397783,0.0,0.0,0.0,1.0
3.73,0.0,0.0,0.0,0.305728461584118,0.0,0.347093428339352,0.394490274802123,0.0,0.0,0.394490274802123,0.450991923808869,0.0,0.520977341746558,0.0,0.0,0.0,1.0
3.74,0.0,0.0,0.0,0.30598041327216,0.0,0.347266429222013,0.394561155252954,0.0,0.0,0.394561155252954,0.450915467848604,0.0,0.52067287639647,0.0,0.0,0.0,1.0
3.75,0.0,0.0,0.0,0.306231154987657,0.0,0.347438495341939,0.394631495974906,0.0,0.0,0.394631495974906,0.450839194143494,0.0,0.520370019757782,0.0,0.0,0.0,1.0
3.76,0.0,0.0,0.0,0.306480695224351,0.0,0.347609633976541,0.394701302365407,0.0,0.0,0.394701302365407,0.45076310316294,0.0,0.520068759367944,0.0,0.0,0.0,1.0
3.77,0.0,0.0,0.0,0.306729042398838,0.0,0.347779852330483,0.394770579755468,0.0,0.0,0.394770579755468,0.450687195350386,0.0,0.519769082890033,0.0,0.0,0.0,1.0
3.78,0.0,0.0,0.0,0.306976204851405,0.0,0.347949157536559,0.394839333410651,0.0,0.0,0.394839333410651,0.450611471123933,0.0,0.51947097811121,0.0,0.0,0.0,1.0
3.79,0.0,0.0,0.0,0.307222190846869,0.0,0.348117556656559,0.394907568532018,0.0,0.0,0.394907568532018,0.450535930876948,0.0,0.519174432941202,0.0,0.0,0.0,1.0
3.8,0.0,0.0,0.0,0.307467008575399,0.0,0.348285056682115,0.394975290257058,0.0,0.0,0.394975290257058,0.450460574978653,0.0,0.518879435410807,0.0,0.0,0.0,1.0
3.81,0.0,0.0,0.0,0.307710666153331,0.0,0.348451664535545,0.395042503660612,0.0,0.0,0.395042503660612,0.4503854037747,0.0,0.518585973670414,0.0,0.0,0.0,1.0
3.82,0.0,0.0,0.0,0.307953171623966,0.0,0.348617387070676,0.39510921375577,0.0,0.0,0.39510921375577,0.450310417587738,0.0,0.518294035988555,0.0,0.0,0.0,1.0
3.83,0.0,0.0,0.0,0.308194532958367,0.0,0.348782231073667,0.395175425494759,0.0,0.0,0.395175425494759,0.450235616717963,0.0,0.518003610750464,0.0,0.0,0.0,1.0
3.84,0.0,0.0,0.0,0.308434758056143,0.0,0.348946203263806,0.395241143769815,0.0,0.0,0.395241143769815,0.450161001443657,0.0,0.517714686456666,0.0,0.0,0.0,1.0
3.85,0.0,0.0,0.0,0.308673854746219,0.0,0.349109310294312,0.395306373414043,0.0,0.0,0.395306373414043,0.450086572021717,0.0,0.517427251721586,0.0,0.0,0.0,1.0
3.86,0.0,0.0,0.0,0.308911830787602,0.0,0.349271558753114,0.395371119202261,0.0,0.0,0.395371119202261,0.450012328688169,0.0,0.517141295272168,0.0,0.0,0.0,1.0
3.87,0.0,0.0,0.0,0.309148693870134,0.0,0.349432955163623,0.395435385851828,0.0,0.0,0.395435385851828,0.449938271658672,0.0,0.516856805946527,0.0,0.0,0.0,1.0
3.88,0.0,0.0,0.0,0.30938445161524,0.0,0.349593505985496,0.395499178023463,0.0,0.0,0.395499178023463,0.449864401129009,0.0,0.51657377269261,0.0,0.0,0.0,1.0
3.89,0.0,0.0,0.0,0.309619111576658,0.0,0.349753217615386,0.395562500322046,0.0,0.0,0.395562500322046,0.449790717275571,0.0,0.516292184566875,0.0,0.0,0.0,1.0
3.9,0.0,0.0,0.0,0.309852681241172,0.0,0.349912096387684,0.395625357297412,0.0,0.0,0.395625357297412,0.449717220255828,0.0,0.516012030733,0.0,0.0,0.0,1.0
3.91,0.0,0.0,0.0,0.310085168029325,0.0,0.350070148575253,0.395687753445124,0.0,0.0,0.395687753445124,0.449643910208786,0.0,0.515733300460596,0.0,0.0,0.0,1.0
3.92,0.0,0.0,0.0,0.31031657929613,0.0,0.350227380390143,0.395749693207244,0.0,0.0,0.395749693207244,0.449570787255441,0.0,0.515455983123947,0.0,0.0,0.0,1.0
3.93,0.0,0.0,0.0,0.310546922331772,0.0,0.350383797984307,0.395811180973077,0.0,0.0,0.395811180973077,0.449497851499215,0.0,0.515180068200763,0.0,0.0,0.0,1.0
3.94,0.0,0.0,0.0,0.310776204362293,0.0,0.350539407450304,0.395872221079919,0.0,0.0,0.395872221079919,0.44942510302639,0.0,0.514905545270954,0.0,0.0,0.0,1.0
3.95,0.0,0.0,0.0,0.311004432550283,0.0,0.350694214821986,0.395932817813783,0.0,0.0,0.395932817813783,0.449352541906525,0.0,0.514632404015417,0.0,0.0,0.0,1.0
3.96,0.0,0.0,0.0,0.311231613995548,0.0,0.350848226075188,0.395992975410114,0.0,0.0,0.395992975410114,0.449280168192872,0.0,0.514360634214842,0.0,0.0,0.0,1.0
3.97,0.0,0.0,0.0,0.311457755735781,0.0,0.351001447128396,0.396052698054496,0.0,0.0,0.396052698054496,0.449207981922773,0.0,0.514090225748536,0.0,0.0,0.0,1.0
3.98,0.0,0.0,0.0,0.311682864747218,0.0,0.351153883843415,0.396111989883346,0.0,0.0,0.396111989883346,0.449135983118055,0.0,0.51382116859326,0.0,0.0,0.0,1.0
3.99,0.0,0.0,0.0,0.311906947945288,0.0,0.351305542026024,0.396170854984595,0.0,0.0,0.396170854984595,0.449064171785418,0.0,0.513553452822084,0.0,0.0,0.0,1.0
4.0,0.0,0.0,0.0,0.312130012185257,0.0,0.351456427426622,0.396229297398362,0.0,0.0,0.396229297398362,0.448992547916805,0.0,0.513287068603255,0.0,0.0,0.0,1.0
4.01,0.0,0.0,0.0,0.31235206426286,0.0,0.351606545740871,0.396287321117616,0.0,0.0,0.396287321117616,0.448921111489774,0.0,0.513022006199087,0.0,0.0,0.0,1.0
4.02,0.0,0.0,0.0,0.312573110914929,0.0,0.351755902610319,0.396344930088824,0.0,0.0,0.396344930088824,0.448849862467855,0.0,0.512758255964857,0.0,0.0,0.0,1.0
4.03,0.0,0.0,0.0,0.312793158820013,0.0,0.351904503623026,0.396402128212592,0.0,0.0,0.396402128212592,0.448778800800904,0.0,0.512495808347725,0.0,0.0,0.0,1.0
4.04,0.0,0.0,0.0,0.313012214598987,0.0,0.352052354314178,0.396458919344298,0.0,0.0,0.396458919344298,0.448707926425444,0.0,0.512234653885661,0.0,0.0,0.0,1.0
4.05,0.0,0.0,0.0,0.313230284815658,0.0,0.352199460166688,0.396515307294711,0.0,0.0,0.396515307294711,0.448637239265004,0.0,0.511974783206393,0.0,0.0,0.0,1.0
4.06,0.0,0.0,0.0,0.313447375977362,0.0,0.352345826611795,0.396571295830597,0.0,0.0,0.396571295830597,0.448566739230444,0.0,0.511716187026369,0.0,0.0,0.0,1.0
4.07,0.0,0.0,0.0,0.313663494535554,0.0,0.352491459029658,0.396626888675329,0.0,0.0,0.396626888675329,0.44849642622028,0.0,0.511458856149721,0.0,0.0,0.0,1.0
4.08,0.0,0.0,0.0,0.313878646886387,0.0,0.352636362749928,0.396682089509471,0.0,0.0,0.396682089509471,0.448426300120996,0.0,0.511202781467262,0.0,0.0,0.0,1.0
4.09,0.0,0.0,0.0,0.314092839371292,0.0,0.352780543052329,0.396736901971364,0.0,0.0,0.396736901971364,0.448356360807354,0.0,0.510947953955486,0.0,0.0,0.0,1.0
4.1,0.0,0.0,0.0,0.314306078277544,0.0,0.352924005167222,0.396791329657697,0.0,0.0,0.396791329657697,0.448286608142692,0.0,0.510694364675577,0.0,0.0,0.0,1.0
4.11,0.0,0.0,0.0,0.314518369838823,0.0,0.353066754276163,0.396845376124073,0.0,0.0,0.396845376124073,0.448217041979218,0.0,0.510442004772444,0.0,0.0,0.0,1.0
4.12,0.0,0.0,0.0,0.314729720235773,0.0,0.353208795512454,0.396899044885563,0.0,0.0,0.396899044885563,0.448147662158299,0.0,0.510190865473756,0.0,0.0,0.0,1.0
4.13,0.0,0.0,0.0,0.314940135596543,0.0,0.353350133961689,0.396952339417256,0.0,0.0,0.396952339417256,0.448078468510742,0.0,0.509940938089001,0.0,0.0,0.0,1.0
4.14,0.0,0.0,0.0,0.315149621997339,0.0,0.35349077466229,0.397005263154792,0.0,0.0,0.397005263154792,0.448009460857068,0.0,0.509692214008549,0.0,0.0,0.0,1.0
4.15,0.0,0.0,0.0,0.315358185462948,0.0,0.353630722606035,0.397057819494898,0.0,0.0,0.397057819494898,0.447940639007782,0.0,0.509444684702731,0.0,0.0,0.0,1.0
4.16,0.0,0.0,0.0,0.315565831967275,0.0,0.353769982738587,0.397110011795903,0.0,0.0,0.397110011795903,0.447872002763635,0.0,0.509198341720933,0.0,0.0,0.0,1.0
4.17,0.0,0.0,0.0,0.315772567433863,0.0,0.353908559960001,0.397161843378259,0.0,0.0,0.397161843378259,0.447803551915881,0.0,0.508953176690697,0.0,0.0,0.0,1.0
4.18,0.0,0.0,0.0,0.315978397736409,0.0,0.354046459125242,0.397213317525041,0.0,0.0,0.397213317525041,0.44773528624653,0.0,0.50870918131684,0.0,0.0,0.0,1.0
4.19,0.0,0.0,0.0,0.316183328699272,0.0,0.354183685044684,0.397264437482451,0.0,0.0,0.397264437482451,0.447667205528593,0.0,0.508466347380572,0.0,0.0,0.0,1.0
4.2,0.0,0.0,0.0,0.316387366097983,0.0,0.354320242484607,0.3973152064603,0.0,0.0,0.3973152064603,0.447599309526323,0.0,0.508224666738647,0.0,0.0,0.0,1.0
4.21,0.0,0.0,0.0,0.316590515659737,0.0,0.354456136167685,0.397365627632499,0.0,0.0,0.397365627632499,0.447531597995447,0.0,0.507984131322504,0.0,0.0,0.0,1.0
4.22,0.0,0.0,0.0,0.31679278306389,0.0,0.354591370773475,0.397415704137532,0.0,0.0,0.397415704137532,0.447464070683403,0.0,0.507744733137431,0.0,0.0,0.0,1.0
4.23,0.0,0.0,0.0,0.316994173942441,0.0,0.354725950938889,0.397465439078922,0.0,0.0,0.397465439078922,0.44739672732956,0.0,0.507506464261737,0.0,0.0,0.0,1.0
4.24,0.0,0.0,0.0,0.317194693880516,0.0,0.354859881258666,0.397514835525696,0.0,0.0,0.397514835525696,0.447329567665436,0.0,0.507269316845936,0.0,0.0,0.0,1.0
4.25,0.0,0.0,0.0,0.317394348416843,0.0,0.354993166285841,0.397563896512835,0.0,0.0,0.397563896512835,0.447262591414921,0.0,0.507033283111941,0.0,0.0,0.0,1.0
4.26,0.0,0.0,0.0,0.317593143044219,0.0,0.355125810532199,0.397612625041726,0.0,0.0,0.397612625041726,0.44719579829448,0.0,0.506798355352265,0.0,0.0,0.0,1.0
4.27,0.0,0.0,0.0,0.317791083209974,0.0,0.355257818468734,0.397661024080599,0.0,0.0,0.397661024080599,0.447129188013362,0.0,0.506564525929242,0.0,0.0,0.0,1.0
4.28,0.0,0.0,0.0,0.317988174316435,0.0,0.35538919452609,0.397709096564961,0.0,0.0,0.397709096564961,0.447062760273802,0.0,0.506331787274246,0.0,0.0,0.0,1.0
4.29,0.0,0.0,0.0,0.31818442172137,0.0,0.355519943095008,0.397756845398026,0.0,0.0,0.397756845398026,0.446996514771216,0.0,0.50610013188693,0.0,0.0,0.0,1.0
4.3,0.0,0.0,0.0,0.318379830738444,0.0,0.355650068526762,0.397804273451134,0.0,0.0,0.397804273451134,0.446930451194395,0.0,0.505869552334467,0.0,0.0,0.0,1.0
4.31,0.0,0.0,0.0,0.318574406637657,0.0,0.355779575133586,0.397851383564166,0.0,0.0,0.397851383564166,0.446864569225693,0.0,0.505640041250813,0.0,0.0,0.0,1.0
4.32,0.0,0.0,0.0,0.318768154645781,0.0,0.355908467189101,0.397898178545952,0.0,0.0,0.397898178545952,0.446798868541212,0.0,0.50541159133596,0.0,0.0,0.0,1.0
4.33,0.0,0.0,0.0,0.318961079946795,0.0,0.356036748928737,0.397944661174676,0.0,0.0,0.397944661174676,0.44673334881098,0.0,0.50518419535522,0.0,0.0,0.0,1.0
4.34,0.0,0.0,0.0,0.319153187682313,0.0,0.356164424550144,0.397990834198266,0.0,0.0,0.397990834198266,0.446668009699128,0.0,0.504957846138507,0.0,0.0,0.0,1.0
4.35,0.0,0.0,0.0,0.319344482952,0.0,0.356291498213603,0.398036700334792,0.0,0.0,0.398036700334792,0.446602850864065,0.0,0.50473253657962,0.0,0.0,0.0,1.0
4.36,0.0,0.0,0.0,0.319534970813995,0.0,0.35641797404243,0.398082262272847,0.0,0.0,0.398082262272847,0.446537871958642,0.0,0.504508259635559,0.0,0.0,0.0,1.0
4.37,0.0,0.0,0.0,0.319724656285326,0.0,0.356543856123375,0.398127522671923,0.0,0.0,0.398127522671923,0.446473072630321,0.0,0.504285008325827,0.0,0.0,0.0,1.0
4.38,0.0,0.0,0.0,0.319913544342307,0.0,0.356669148507015,0.398172484162792,0.0,0.0,0.398172484162792,0.446408452521332,0.0,0.50406277573175,0.0,0.0,0.0,1.0
4.39,0.0,0.0,0.0,0.320101639920954,0.0,0.356793855208145,0.398217149347865,0.0,0.0,0.398217149347865,0.446344011268835,0.0,0.503841554995807,0.0,0.0,0.0,1.0
4.4,0.0,0.0,0.0,0.320288947917374,0.0,0.356917980206158,0.39826152080156,0.0,0.0,0.39826152080156,0.44627974850507,0.0,0.503621339320969,0.0,0.0,0.0,1.0
4.41,0.0,0.0,0.0,0.320475473188162,0.0,0.35704152744543,0.398305601070659,0.0,0.0,0.398305601070659,0.446215663857512,0.0,0.50340212197004,0.0,0.0,0.0,1.0
4.42,0.0,0.0,0.0,0.320661220550793,0.0,0.357164500835691,0.398349392674657,0.0,0.0,0.398349392674657,0.446151756949015,0.0,0.503183896265012,0.0,0.0,0.0,1.0
4.43,0.0,0.0,0.0,0.320846194784,0.0,0.357286904252395,0.398392898106109,0.0,0.0,0.398392898106109,0.446088027397957,0.0,0.50296665558643,0.0,0.0,0.0,1.0
4.44,0.0,0.0,0.0,0.321030400628163,0.0,0.357408741537085,0.398436119830974,0.0,0.0,0.398436119830974,0.446024474818382,0.0,0.502750393372755,0.0,0.0,0.0,1.0
4.45,0.0,0.0,0.0,0.321213842785676,0.0,0.357530016497757,0.398479060288951,0.0,0.0,0.398479060288951,0.445961098820137,0.0,0.502535103119751,0.0,0.0,0.0,1.0
4.46,0.0,0.0,0.0,0.321396525921327,0.0,0.357650732909213,0.398521721893806,0.0,0.0,0.398521721893806,0.445897899009006,0.0,0.502320778379862,0.0,0.0,0.0,1.0
4.47,0.0,0.0,0.0,0.321578454662659,0.0,0.357770894513411,0.398564107033707,0.0,0.0,0.398564107033707,0.445834874986846,0.0,0.502107412761614,0.0,0.0,0.0,1.0
4.48,0.0,0.0,0.0,0.321759633600337,0.0,0.357890505019819,0.398606218071539,0.0,0.0,0.398606218071539,0.445772026351708,0.0,0.501894999929006,0.0,0.0,0.0,1.0
4.49,0.0,0.0,0.0,0.321940067288507,0.0,0.358009568105753,0.398648057345224,0.0,0.0,0.398648057345224,0.445709352697972,0.0,0.501683533600931,0.0,0.0,0.0,1.0
4.5,0.0,0.0,0.0,0.322119760245149,0.0,0.358128087416718,0.398689627168036,0.0,0.0,0.398689627168036,0.445646853616463,0.0,0.501473007550579,0.0,0.0,0.0,1.0
4.51,0.0,0.0,0.0,0.322298716952428,0.0,0.35824606656674,0.398730929828905,0.0,0.0,0.398730929828905,0.445584528694579,0.0,0.501263415604871,0.0,0.0,0.0,1.0
4.52,0.0,0.0,0.0,0.322476941857045,0.0,0.358363509138702,0.398771967592723,0.0,0.0,0.398771967592723,0.445522377516399,0.0,0.501054751643885,0.0,0.0,0.0,1.0
4.53,0.0,0.0,0.0,0.322654439370576,0.0,0.358480418684665,0.398812742700646,0.0,0.0,0.398812742700646,0.445460399662807,0.0,0.500847009600293,0.0,0.0,0.0,1.0
4.54,0.0,0.0,0.0,0.322831213869811,0.0,0.358596798726196,0.398853257370384,0.0,0.0,0.398853257370384,0.445398594711603,0.0,0.500640183458806,0.0,0.0,0.0,1.0
4.55,0.0,0.0,0.0,0.323007269697093,0.0,0.35871265275468,0.398893513796495,0.0,0.0,0.398893513796495,0.445336962237607,0.0,0.500434267255631,0.0,0.0,0.0,1.0
4.56,0.0,0.0,0.0,0.323182611160647,0.0,0.358827984231642,0.398933514150674,0.0,0.0,0.398933514150674,0.445275501812776,0.0,0.50022925507792,0.0,0.0,0.0,1.0
4.57,0.0,0.0,0.0,0.323357242534907,0.0,0.358942796589055,0.398973260582031,0.0,0.0,0.398973260582031,0.445214213006302,0.0,0.500025141063243,0.0,0.0,0.0,1.0
4.58,0.0,0.0,0.0,0.323531168060844,0.0,0.359057093229644,0.399012755217371,0.0,0.0,0.399012755217371,0.445153095384718,0.0,0.499821919399054,0.0,0.0,0.0,1.0
4.59,0.0,0.0,0.0,0.323704391946282,0.0,0.359170877527193,0.399052000161471,0.0,0.0,0.399052000161471,0.445092148512001,0.0,0.499619584322176,0.0,0.0,0.0,1.0
4.6,0.0,0.0,0.0,0.323876918366219,0.0,0.359284152826846,0.39909099749735,0.0,0.0,0.39909099749735,0.445031371949664,0.0,0.499418130118279,0.0,0.0,0.0,1.0
4.61,0.0,0.0,0.0,0.324048751463137,0.0,0.359396922445399,0.399129749286533,0.0,0.0,0.399129749286533,0.444970765256859,0.0,0.499217551121375,0.0,0.0,0.0,1.0
4.62,0.0,0.0,0.0,0.324219895347314,0.0,0.359509189671597,0.399168257569318,0.0,0.0,0.399168257569318,0.444910327990467,0.0,0.499017841713313,0.0,0.0,0.0,1.0
4.63,0.0,0.0,0.0,0.324390354097131,0.0,0.359620957766418,0.399206524365034,0.0,0.0,0.399206524365034,0.444850059705191,0.0,0.498818996323286,0.0,0.0,0.0,1.0
4.64,0.0,0.0,0.0,0.324560131759372,0.0,0.359732229963363,0.399244551672295,0.0,0.0,0.399244551672295,0.444789959953648,0.0,0.498621009427334,0.0,0.0,0.0,1.0
4.65,0.0,0.0,0.0,0.324729232349526,0.0,0.359843009468737,0.399282341469258,0.0,0.0,0.399282341469258,0.444730028286452,0.0,0.498423875547868,0.0,0.0,0.0,1.0
4.66,0.0,0.0,0.0,0.324897659852086,0.0,0.359953299461925,0.399319895713862,0.0,0.0,0.399319895713862,0.444670264252305,0.0,0.498227589253183,0.0,0.0,0.0,1.0
4.67,0.0,0.0,0.0,0.325065418220835,0.0,0.360063103095672,0.399357216344082,0.0,0.0,0.399357216344082,0.444610667398078,0.0,0.498032145156993,0.0,0.0,0.0,1.0
4.68,0.0,0.0,0.0,0.325232511379141,0.0,0.360172423496351,0.399394305278169,0.0,0.0,0.399394305278169,0.444551237268896,0.0,0.497837537917957,0.0,0.0,0.0,1.0
4.69,0.0,0.0,0.0,0.325398943220245,0.0,0.360281263764234,0.399431164414883,0.0,0.0,0.399431164414883,0.444491973408213,0.0,0.497643762239223,0.0,0.0,0.0,1.0
4.7,0.0,0.0,0.0,0.325564717607538,0.0,0.360389626973756,0.399467795633735,0.0,0.0,0.399467795633735,0.444432875357897,0.0,0.497450812867969,0.0,0.0,0.0,1.0
4.71,0.0,0.0,0.0,0.325729838374848,0.0,0.360497516173781,0.399504200795214,0.0,0.0,0.399504200795214,0.4443739426583,0.0,0.497258684594953,0.0,0.0,0.0,1.0
4.72,0.0,0.0,0.0,0.325894309326715,0.0,0.360604934387857,0.399540381741017,0.0,0.0,0.399540381741017,0.44431517484834,0.0,0.497067372254071,0.0,0.0,0.0,1.0
4.73,0.0,0.0,0.0,0.326058134238661,0.0,0.360711884614474,0.399576340294278,0.0,0.0,0.399576340294278,0.444256571465566,0.0,0.496876870721913,0.0,0.0,0.0,1.0
4.74,0.0,0.0,0.0,0.326221316857468,0.0,0.360818369827318,0.399612078259783,0.0,0.0,0.399612078259783,0.444198132046239,0.0,0.496687174917334,0.0,0.0,0.0,1.0
4.75,0.0,0.0,0.0,0.326383860901443,0.0,0.360924392975522,0.399647597424194,0.0,0.0,0.399647597424194,0.444139856125394,0.0,0.496498279801021,0.0,0.0,0.0,1.0
4.76,0.0,0.0,0.0,0.326545770060681,0.0,0.361029956983908,0.399682899556265,0.0,0.0,0.399682899556265,0.44408174323691,0.0,0.496310180375069,0.0,0.0,0.0,1.0
4.77,0.0,0.0,0.0,0.326707047997333,0.0,0.36113506475324,0.399717986407056,0.0,0.0,0.399717986407056,0.444023792913582,0.0,0.496122871682566,0.0,0.0,0.0,1.0
4.78,0.0,0.0,0.0,0.326867698345858,0.0,0.361239719160458,0.399752859710138,0.0,0.0,0.399752859710138,0.443966004687179,0.0,0.495936348807175,0.0,0.0,0.0,1.0
4.79,0.0,0.0,0.0,0.327027724713288,0.0,0.361343923058919,0.399787521181807,0.0,0.0,0.399787521181807,0.443908378088513,0.0,0.495750606872729,0.0,0.0,0.0,1.0
4.8,0.0,0.0,0.0,0.327187130679475,0.0,0.361447679278635,0.399821972521285,0.0,0.0,0.399821972521285,0.443850912647498,0.0,0.495565641042822,0.0,0.0,0.0,1.0
4.81,0.0,0.0,0.0,0.327345919797346,0.0,0.361550990626503,0.399856215410922,0.0,0.0,0.399856215410922,0.443793607893212,0.0,0.495381446520414,0.0,0.0,0.0,1.0
4.82,0.0,0.0,0.0,0.327504095593151,0.0,0.361653859886538,0.399890251516397,0.0,0.0,0.399890251516397,0.443736463353958,0.0,0.495198018547438,0.0,0.0,0.0,1.0
4.83,0.0,0.0,0.0,0.327661661566705,0.0,0.361756289820097,0.39992408248691,0.0,0.0,0.39992408248691,0.443679478557319,0.0,0.495015352404404,0.0,0.0,0.0,1.0
4.84,0.0,0.0,0.0,0.327818621191638,0.0,0.36185828316611,0.39995770995538,0.0,0.0,0.39995770995538,0.443622653030218,0.0,0.494833443410018,0.0,0.0,0.0,1.0
4.85,0.0,0.0,0.0,0.327974977915628,0.0,0.361959842641295,0.399991135538636,0.0,0.0,0.399991135538636,0.443565986298971,0.0,0.494652286920802,0.0,0.0,0.0,1.0
4.86,0.0,0.0,0.0,0.328130735160645,0.0,0.362060970940384,0.400024360837599,0.0,0.0,0.400024360837599,0.443509477889341,0.0,0.494471878330715,0.0,0.0,0.0,1.0
4.87,0.0,0.0,0.0,0.328285896323182,0.0,0.362161670736338,0.400057387437478,0.0,0.0,0.400057387437478,0.443453127326594,0.0,0.494292213070783,0.0,0.0,0.0,1.0
4.88,0.0,0.0,0.0,0.32844046477449,0.0,0.362261944680558,0.400090216907945,0.0,0.0,0.400090216907945,0.443396934135546,0.0,0.494113286608733,0.0,0.0,0.0,1.0
4.89,0.0,0.0,0.0,0.328594443860807,0.0,0.362361795403107,0.400122850803318,0.0,0.0,0.400122850803318,0.443340897840616,0.0,0.493935094448625,0.0,0.0,0.0,1.0
4.9,0.0,0.0,0.0,0.328747836903587,0.0,0.362461225512907,0.400155290662743,0.0,0.0,0.400155290662743,0.443285017965877,0.0,0.4937576321305,0.0,0.0,0.0,1.0
4.91,0.0,0.0,0.0,0.328900647199725,0.0,0.362560237597958,0.400187538010366,0.0,0.0,0.400187538010366,0.4432292940351,0.0,0.493580895230017,0.0,0.0,0.0,1.0
4.92,0.0,0.0,0.0,0.329052878021779,0.0,0.362658834225537,0.400219594355506,0.0,0.0,0.400219594355506,0.443173725571804,0.0,0.493404879358113,0.0,0.0,0.0,1.0
4.93,0.0,0.0,0.0,0.329204532618192,0.0,0.362757017942399,0.400251461192833,0.0,0.0,0.400251461192833,0.4431183120993,0.0,0.493229580160645,0.0,0.0,0.0,1.0
4.94,0.0,0.0,0.0,0.329355614213508,0.0,0.362854791274984,0.400283140002529,0.0,0.0,0.400283140002529,0.443063053140738,0.0,0.493054993318057,0.0,0.0,0.0,1.0
4.95,0.0,0.0,0.0,0.329506126008591,0.0,0.362952156729608,0.400314632250459,0.0,0.0,0.400314632250459,0.443007948219147,0.0,0.492881114545037,0.0,0.0,0.0,1.0
4.96,0.0,0.0,0.0,0.329656071180835,0.0,0.363049116792664,0.400345939388335,0.0,0.0,0.400345939388335,0.442952996857481,0.0,0.492707939590182,0.0,0.0,0.0,1.0
4.97,0.0,0.0,0.0,0.329805452884381,0.0,0.363145673930811,0.400377062853878,0.0,0.0,0.400377062853878,0.44289819857866,0.0,0.492535464235669,0.0,0.0,0.0,1.0
4.98,0.0,0.0,0.0,0.329954274250318,0.0,0.36324183059117,0.400408004070981,0.0,0.0,0.400408004070981,0.442843552905609,0.0,0.492363684296928,0.0,0.0,0.0,1.0
4.99,0.0,0.0,0.0,0.330102538386896,0.0,0.363337589201511,0.400438764449861,0.0,0.0,0.400438764449861,0.442789059361299,0.0,0.492192595622318,0.0,0.0,0.0,1.0
5.0,0.0,0.0,0.0,0.33025024837973,0.0,0.363432952170436,0.400469345387222,0.0,0.0,0.400469345387222,0.442734717468786,0.0,0.492022194092809,0.0,0.0,0.0,1.0
